date,r_base,r_mom,r_rev
2018-05-31,0.013029,0.011061,-0.004126
2018-06-01,0.009573,0.017872,-0.014547
2018-06-04,0.003598,0.003281,0.004737
2018-06-05,0.008735,0.008977,0.008889
2018-06-06,-0.013352,-0.013991,0.008944
2018-06-07,0.010731,0.013488,0.000836
2018-06-08,-0.000981,-0.002985,0.001691
2018-06-11,0.007663,0.002293,0.00713
2018-06-12,-0.013039,-0.021657,0.00808
2018-06-13,0.012628,0.010549,0.015807
2018-06-14,0.005869,0.008039,-0.004891
2018-06-15,-0.004246,-0.008395,0.003529
2018-06-18,0.001224,0.005511,-0.002082
2018-06-19,-0.000849,0.000238,-0.003876
2018-06-20,0.010785,0.009624,0.006822
2018-06-21,-0.005326,-0.015236,-0.003327
2018-06-22,0.011683,0.014235,-0.001668
2018-06-25,-0.004354,-0.008715,-0.012008
2018-06-26,-0.012719,0.003426,-0.024587
2018-06-27,0.009653,0.011979,0.004266
2018-06-28,0.006234,0.000888,0.007888
2018-06-29,0.00728,0.002834,0.01458
2018-07-02,0.008664,0.0088,-0.000337
2018-07-03,0.011681,-0.001798,0.015284
2018-07-05,-0.005181,-0.002511,0.004191
2018-07-06,-0.019835,-0.028135,-0.004193
2018-07-09,0.003294,0.007202,-0.003949
2018-07-10,0.006511,-0.004586,0.013107
2018-07-11,0.007538,0.0079,-0.002607
2018-07-12,-0.007013,0.000333,-0.001509
2018-07-13,-0.001826,-0.000325,0.004242
2018-07-16,0.001909,0.009269,-0.006948
2018-07-17,-0.002631,0.000468,0.003323
2018-07-18,-0.013393,-0.015787,-0.006448
2018-07-19,-0.002199,-0.003608,0.006568
2018-07-20,-0.004716,0.005579,-0.008639
2018-07-23,-0.007712,-0.014076,0.010793
2018-07-24,-0.002248,0.004503,0.008447
2018-07-25,-0.006654,-0.016722,0.000217
2018-07-26,0.00299,0.002934,0.00442
2018-07-27,-0.005308,-0.003509,-0.006908
2018-07-30,0.016121,0.006736,0.009419
2018-07-31,0.003092,-0.004666,0.013023
2018-08-01,-0.005648,-0.008366,0.008908
2018-08-02,-0.010084,-0.004068,-0.007958
2018-08-03,0.008329,0.008298,0.005474
2018-08-06,0.004616,0.004348,-0.003544
2018-08-07,-0.00513,-0.006059,-0.008661
2018-08-08,-0.003486,-0.007505,0.001315
2018-08-09,0.003659,0.00216,0.006568
2018-08-10,0.00788,0.016025,-0.009714
2018-08-13,0.007573,0.014829,-0.006767
2018-08-14,0.014661,0.022843,-0.04213
2018-08-15,0.007971,0.009123,0.001917
2018-08-16,-0.001742,-0.01011,0.002329
2018-08-17,-0.001973,-0.004504,0.000667
2018-08-20,0.000884,-0.006085,0.009235
2018-08-21,-0.005321,-0.020275,0.007422
2018-08-22,-0.003647,0.011049,-0.01937
2018-08-23,0.010254,-0.012299,0.016919
2018-08-24,0.003246,-0.004268,0.008407
2018-08-27,0.003972,0.0065,-0.003813
2018-08-28,-0.00351,-0.00124,-0.003565
2018-08-29,-0.00533,-0.006105,0.00233
2018-08-30,0.003892,-0.001277,0.006972
2018-08-31,-0.000595,0.013515,-0.003941
2018-09-04,0.007142,-0.01316,0.010779
2018-09-05,0.013742,0.000511,0.015589
2018-09-06,-0.00453,-0.002238,-0.002297
2018-09-07,-0.001789,0.00384,-0.002583
2018-09-10,-0.008246,-0.008657,0.001509
2018-09-11,0.005494,-0.013669,0.022057
2018-09-12,0.003002,0.00416,0.009257
2018-09-13,0.009574,0.010921,0.007932
2018-09-14,-0.012989,-0.009375,-0.005536
2018-09-17,0.0039,-0.002937,0.005705
2018-09-18,0.00376,0.000833,0.00447
2018-09-19,-0.004764,-0.00634,-0.002142
2018-09-20,0.007926,0.010034,-0.00201
2018-09-21,-8e-06,0.009964,-0.008318
2018-09-24,-0.001384,0.005434,-0.00453
2018-09-25,0.000934,-0.0018,0.010452
2018-09-26,0.00408,-0.001825,-0.00641
2018-09-27,-0.007592,-0.008677,-0.008075
2018-09-28,0.006566,0.022624,-0.006642
2018-10-01,-0.016908,-0.004919,-0.014114
2018-10-02,0.020883,0.024393,0.006936
2018-10-03,-0.007374,-0.007165,0.002136
2018-10-04,-0.003677,-0.000819,-0.003957
2018-10-05,0.003944,0.005241,-0.002008
2018-10-08,0.001635,0.014092,-0.003871
2018-10-09,-0.025939,-0.014935,-0.028557
2018-10-10,-0.041499,-0.034582,-0.030537
2018-10-11,0.003943,-0.021987,0.025875
2018-10-12,-0.008597,0.008101,-0.01275
2018-10-15,0.008395,-0.027331,0.01508
2018-10-16,-0.000839,0.006668,-0.004979
2018-10-17,-0.017575,0.001394,-0.013465
2018-10-18,-0.009083,0.002381,-0.012282
2018-10-19,-0.006433,-0.001219,-0.005362
2018-10-22,-0.02079,-0.010813,-0.029124
2018-10-23,-0.029523,-0.009498,-0.031166
2018-10-24,0.029029,-0.007196,0.025725
2018-10-25,0.010022,-0.004715,0.019673
2018-10-26,-0.00105,0.023931,-0.025641
2018-10-29,0.001233,-0.009971,0.008939
2018-10-30,-0.007717,-0.018183,0.01668
2018-10-31,0.031665,-0.001611,0.026672
2018-11-01,-0.00057,0.003404,0.00895
2018-11-02,-0.020204,-0.011998,-0.007342
2018-11-05,0.003791,-0.006737,0.010496
2018-11-06,0.005649,0.009077,-0.002031
2018-11-07,0.004208,0.001711,0.004599
2018-11-08,-0.012794,-0.000402,-0.007275
2018-11-09,-0.016383,0.008223,-0.019202
2018-11-12,0.002268,0.031063,-0.019521
2018-11-13,-0.041624,0.027066,-0.023001
2018-11-14,0.046636,-0.032767,0.052997
2018-11-15,-0.012301,0.019377,-0.018249
2018-11-16,-0.019974,0.008105,-0.02745
2018-11-19,0.025529,0.028793,0.006038
2018-11-20,-0.00514,-0.015735,0.007656
2018-11-21,0.018696,0.019077,0.007332
2018-11-23,0.009011,-0.022049,0.022706
2018-11-26,-0.00128,-0.000302,-0.002779
2018-11-27,-0.004983,0.007105,-0.018764
2018-11-28,-0.003347,-0.009748,0.008105
2018-11-29,0.002623,0.007778,0.0079
2018-11-30,-0.001483,-0.03685,0.020685
2018-12-03,0.014134,-0.008321,0.033302
2018-12-04,0.039209,0.034461,0.007515
2018-12-06,0.000408,-0.018828,0.026574
2018-12-07,0.012518,0.015797,-2.3e-05
2018-12-10,0.005033,0.007651,1.8e-05
2018-12-11,0.000842,-0.011387,0.015829
2018-12-12,0.009262,0.016312,-0.002888
2018-12-13,0.031579,0.028965,0.016258
2018-12-14,0.008112,0.011366,-0.007019
2018-12-17,0.018859,0.014279,0.033863
2018-12-18,-0.002396,0.001012,0.006704
2018-12-19,0.026868,0.034565,-0.01673
2018-12-20,-0.004262,0.005767,-0.008171
2018-12-21,0.012764,0.034204,-0.027966
2018-12-24,-0.022445,-0.039211,0.024873
2018-12-26,0.002543,0.011575,0.00023
2018-12-27,0.010781,0.007957,0.00875
2018-12-28,0.01921,0.018819,-0.01828
2018-12-31,-0.020744,-0.014715,-0.020472
2019-01-02,0.017491,0.013376,0.010609
2019-01-03,-0.030814,-0.04091,-0.009677
2019-01-04,-0.007145,0.005073,-0.018786
2019-01-07,0.001017,0.000135,0.002994
2019-01-08,-0.006565,-0.001051,-0.013153
2019-01-09,0.001214,0.003,-0.00063
2019-01-10,-0.003693,-0.005633,0.014221
2019-01-11,-0.029613,-0.028185,0.022279
2019-01-14,0.000135,0.001361,-0.005578
2019-01-15,-0.001318,-0.011732,0.001935
2019-01-16,-0.005996,-0.007303,-0.00397
2019-01-17,-0.022117,0.005886,-0.023018
2019-01-18,0.028962,-0.002771,0.025749
2019-01-22,0.010994,0.007601,0.009726
2019-01-23,-0.00428,-0.001575,-0.00377
2019-01-24,0.02506,0.009365,0.021622
2019-01-25,0.015859,-0.000372,0.007277
2019-01-28,0.002203,-0.014274,0.010376
2019-01-29,0.011532,0.014306,0.008934
2019-01-30,0.012601,0.008605,0.011267
2019-01-31,-0.009021,-0.008228,-0.001494
2019-02-01,0.005978,0.00617,-0.003726
2019-02-04,0.003933,0.008449,0.001845
2019-02-05,0.001464,0.001492,-0.001861
2019-02-06,-0.004987,-0.001101,-0.005969
2019-02-07,-0.000352,0.000262,-0.002627
2019-02-08,-0.009322,-0.012494,0.000957
2019-02-11,-0.000757,0.000132,-0.003311
2019-02-12,0.004196,0.001409,0.002468
2019-02-13,0.013378,0.006675,0.008758
2019-02-14,-0.006327,-0.012974,0.001599
2019-02-15,0.023379,0.005917,0.022421
2019-02-19,0.008985,0.011886,0.002674
2019-02-20,-0.005315,-0.011251,-0.002598
2019-02-21,0.017655,0.015878,0.004449
2019-02-22,-0.003347,0.001791,-0.005803
2019-02-25,0.002264,-0.001338,0.009361
2019-02-26,-0.008912,-0.004151,-0.013398
2019-02-27,-0.006002,-0.008041,0.002936
2019-02-28,-0.011004,-0.001526,-0.017564
2019-03-01,0.00199,-0.002791,0.005309
2019-03-04,-0.000838,-0.001232,0.00435
2019-03-05,-0.01065,-0.016049,0.003835
2019-03-06,-0.004964,-0.002791,-0.005545
2019-03-07,0.004119,-0.000797,0.007619
2019-03-08,0.012376,0.001835,0.012598
2019-03-11,0.007816,0.001882,0.004428
2019-03-12,-0.002259,-0.002945,-0.00338
2019-03-13,-0.014439,-0.00936,-0.012986
2019-03-14,0.007684,0.010369,0.010086
2019-03-15,0.002538,-0.008503,0.012427
2019-03-18,0.008216,0.005365,0.006956
2019-03-19,0.013641,0.023637,-0.000901
2019-03-20,-0.007929,0.003634,0.004691
2019-03-21,-0.009536,0.009167,-0.008222
2019-03-22,0.002474,0.003108,-0.005507
2019-03-25,-0.002596,-0.00612,0.00112
2019-03-26,-0.005389,-0.010706,0.00522
2019-03-27,-0.003172,-0.016898,0.009042
2019-03-28,-0.000797,0.000657,-0.002789
2019-03-29,-0.026509,-0.024633,-0.011259
2019-04-01,0.009404,0.006394,0.007036
2019-04-02,0.010726,0.001541,0.00763
2019-04-03,0.000505,-0.002604,0.003575
2019-04-04,-0.009646,-0.007953,-0.009012
2019-04-05,-0.006774,-0.009477,-0.004608
2019-04-08,0.009076,-0.004397,0.014718
2019-04-09,-0.000723,0.008765,-0.00772
2019-04-10,0.000129,-0.003028,-0.001289
2019-04-11,-0.008882,-0.00074,-0.006846
2019-04-12,0.008098,0.004926,0.006035
2019-04-15,-0.022639,-0.005873,-0.024659
2019-04-16,-0.005637,0.016537,-0.026199
2019-04-17,0.010856,0.003548,0.01007
2019-04-18,-0.006797,0.00014,0.000413
2019-04-22,-0.001231,-0.008866,-0.001759
2019-04-23,0.000107,0.001558,-0.004177
2019-04-24,-0.008121,-0.019396,-0.002756
2019-04-25,0.002864,-0.012983,0.001808
2019-04-26,-0.009941,0.002705,-0.015817
2019-04-29,-0.010216,0.000568,-0.006247
2019-04-30,-0.00028,0.014774,-0.009798
2019-05-01,-0.005265,0.009379,-0.009469
2019-05-02,0.012458,0.008723,0.012499
2019-05-03,-0.007164,-0.014695,-0.006689
2019-05-06,0.01151,0.004806,0.013329
2019-05-07,-0.011264,-0.013017,-0.004363
2019-05-08,-0.013236,-0.00934,-0.010674
2019-05-09,-0.007634,-0.001335,-0.010031
2019-05-10,-0.013643,0.009764,-0.029384
2019-05-13,-2.2e-05,-0.016704,0.013431
2019-05-14,-0.001924,-0.006597,0.003155
2019-05-15,-0.006978,-0.003753,-0.005898
2019-05-16,0.016215,0.015697,0.00541
2019-05-17,-0.013132,0.003899,-0.026327
2019-05-20,0.001048,-0.007056,0.01045
2019-05-21,0.0205,0.022837,0.012556
2019-05-22,0.028416,0.031954,0.009553
2019-05-23,0.004393,-0.000973,-0.002563
2019-05-24,-0.004031,-0.00652,0.001735
2019-05-28,-0.008802,-0.008739,0.002239
2019-05-29,0.026847,0.020678,0.016396
2019-05-30,0.030763,0.029608,0.016932
2019-05-31,0.007667,0.009397,-0.011767
2019-06-03,-0.018718,-0.020318,0.004424
2019-06-04,0.031941,0.033634,0.00365
2019-06-05,0.001059,-0.004238,0.004431
2019-06-06,0.001925,0.000285,0.002706
2019-06-07,-0.009556,-0.004249,-0.011665
2019-06-10,-0.008103,-0.001861,-0.007689
2019-06-11,0.024337,0.02682,0.007505
2019-06-12,-0.002835,-0.008175,-0.011531
2019-06-13,0.012161,0.00946,0.018046
2019-06-14,-1.7e-05,-0.005011,0.008507
2019-06-17,-0.012305,-0.004408,-0.018429
2019-06-18,0.011081,0.013759,-0.007004
2019-06-19,0.006342,0.009421,-0.025126
2019-06-20,-0.007715,0.002375,-0.011481
2019-06-21,0.008128,0.009584,0.012978
2019-06-24,-0.011355,-0.009019,-0.01063
2019-06-25,-0.025797,-0.019119,-0.024506
2019-06-26,0.004081,-0.014169,0.01511
2019-06-27,-0.005315,-0.007263,-0.004526
2019-06-28,-0.012056,-0.01212,-0.003725
2019-07-01,0.040194,0.013307,0.041509
2019-07-02,0.003377,-0.005184,0.010471
2019-07-03,-0.019937,-0.023177,-0.010109
2019-07-05,0.007019,0.003875,0.00975
2019-07-08,0.006082,0.009627,0.005539
2019-07-09,-0.003487,-0.007796,0.008701
2019-07-10,-0.004269,-0.001485,0.005113
2019-07-11,-0.000519,-0.001606,-0.003329
2019-07-12,0.013626,0.004374,0.012825
2019-07-15,0.019097,0.00322,0.008934
2019-07-16,0.025326,0.025011,0.015012
2019-07-17,0.014519,0.019212,0.006263
2019-07-18,0.006038,-0.006523,0.015789
2019-07-19,0.001253,0.003159,-0.003446
2019-07-22,-0.00813,-0.005265,0.000151
2019-07-23,0.009978,0.018972,-0.006338
2019-07-24,-0.010279,-0.011248,-0.002921
2019-07-25,0.003111,0.007601,-0.006433
2019-07-26,0.010118,0.015047,0.002966
2019-07-29,-0.002289,-0.025618,0.013695
2019-07-30,-0.016008,-0.033624,0.012335
2019-07-31,0.024024,0.002427,0.041097
2019-08-01,-0.006404,-0.005209,-0.013493
2019-08-02,0.005546,0.004787,-0.003201
2019-08-05,0.000662,0.009603,-0.007273
2019-08-06,0.01894,0.034441,-0.014137
2019-08-07,0.001905,-0.004437,0.007012
2019-08-08,0.008556,0.0065,-0.001361
2019-08-09,0.007897,0.013147,-0.007845
2019-08-12,-0.015892,-0.018812,0.012681
2019-08-13,0.023901,0.038632,-0.009806
2019-08-14,0.013356,0.019322,-0.010959
2019-08-15,-0.01581,-0.022241,0.012141
2019-08-16,-0.01711,-0.025556,0.005941
2019-08-19,0.017152,0.00897,0.007905
2019-08-20,0.00563,0.000392,0.005998
2019-08-21,0.008605,0.009697,0.007045
2019-08-22,0.03267,0.015111,0.028603
2019-08-23,-0.003801,0.001847,-0.00368
2019-08-26,0.018361,0.014188,0.004087
2019-08-27,-0.017061,-0.016728,-0.007076
2019-08-28,-0.024776,-0.026229,-0.002118
2019-08-29,0.004106,-7.5e-05,0.010578
2019-08-30,0.021283,0.025718,-0.008604
2019-09-03,-0.01235,-0.01138,-0.013153
2019-09-04,-0.044204,-0.053737,0.002083
2019-09-05,-0.010901,-0.008548,-0.0049
2019-09-06,-0.050221,-0.026361,-0.047751
2019-09-09,-0.018784,-0.004365,-0.02017
2019-09-10,0.005048,-0.001976,0.003973
2019-09-11,0.002207,0.00673,0.001401
2019-09-12,-0.028808,-0.005281,-0.034653
2019-09-13,-0.029606,-0.067828,-0.018687
2019-09-16,0.041905,-0.013386,0.047207
2019-09-17,0.004136,0.006532,7e-06
2019-09-18,0.017388,-0.001602,0.019906
2019-09-19,-0.013594,-0.013958,-0.000716
2019-09-20,-0.019705,-0.014211,-0.006804
2019-09-23,-0.020755,-0.023937,-0.009526
2019-09-24,0.028346,0.005026,0.028139
2019-09-25,-0.006461,0.005767,-0.007645
2019-09-26,0.009357,0.006978,0.005783
2019-09-27,0.008141,0.00644,0.002636
2019-09-30,-0.020912,-0.008385,-0.01974
2019-10-01,-0.026237,-0.020574,-0.013216
2019-10-02,-0.000467,-0.010999,0.009575
2019-10-03,0.002176,0.005442,-0.003212
2019-10-04,0.003044,0.002373,-0.003204
2019-10-07,0.003494,-0.003007,-0.002322
2019-10-08,0.003944,0.006566,-0.003796
2019-10-09,-3.9e-05,-0.008999,0.006724
2019-10-10,-0.001357,-0.007854,0.013517
2019-10-11,0.002997,0.001676,0.005256
2019-10-14,0.005132,0.006914,0.00497
2019-10-15,0.002128,-0.01006,0.014994
2019-10-16,-0.003146,-0.004374,0.001394
2019-10-17,-0.004421,-0.002386,-0.003783
2019-10-18,0.006027,0.0054,-0.003476
2019-10-21,0.001363,0.004303,-0.008566
2019-10-22,-0.009622,-0.005102,-0.001897
2019-10-23,0.005444,-0.015086,0.025971
2019-10-24,0.008376,0.009183,0.00033
2019-10-25,0.012149,0.006638,0.013654
2019-10-28,0.004635,-0.004811,0.001518
2019-10-29,-0.017679,-0.011515,0.002095
2019-10-30,-0.023396,-0.023148,-0.01198
2019-10-31,0.022743,0.018207,0.016602
2019-11-01,0.02959,0.042057,0.003121
2019-11-04,0.023441,0.019021,0.017521
2019-11-05,-0.010931,-0.013908,0.003214
2019-11-06,0.025208,0.02032,0.018559
2019-11-07,0.010523,0.00975,0.006718
2019-11-08,-0.010636,-0.020914,0.008628
2019-11-11,-0.003161,-0.002044,-0.002061
2019-11-12,-0.008841,-0.011586,-0.007314
2019-11-13,-0.005868,-0.009705,0.000469
2019-11-14,0.006028,0.005158,0.0029
2019-11-15,-0.021077,-0.021408,-0.004231
2019-11-18,-0.007525,-0.001063,-0.01701
2019-11-19,0.000104,-0.007362,0.011529
2019-11-20,0.016127,0.007687,0.020316
2019-11-21,0.010031,-0.001296,0.014135
2019-11-22,0.016044,0.023729,0.01259
2019-11-25,-0.017791,-0.004308,-0.015244
2019-11-26,0.0067,0.005913,0.004375
2019-11-27,-0.023187,-0.009757,-0.030126
2019-11-29,-0.00057,-0.006928,0.002552
2019-12-02,0.006809,0.008773,0.000251
2019-12-03,-0.001054,-0.005935,0.001695
2019-12-04,0.001576,-0.002232,0.006454
2019-12-05,-0.002872,-0.002135,-0.012256
2019-12-06,0.006248,0.010066,-0.006688
2019-12-09,0.003593,0.002619,-0.000174
2019-12-10,0.018869,0.014856,0.008278
2019-12-11,0.001204,0.007918,-0.001817
2019-12-12,0.004835,0.003295,0.013692
2019-12-13,-0.004209,-0.000473,-0.005333
2019-12-16,-0.001127,0.009406,-0.012219
2019-12-17,0.005867,0.000814,0.001085
2019-12-18,-0.001722,-0.00104,-0.001689
2019-12-19,-0.006535,-0.008773,0.001699
2019-12-20,0.022303,0.011155,0.006093
2019-12-23,0.014297,0.007598,0.009691
2019-12-24,0.005228,0.003597,0.003538
2019-12-26,-0.00168,-0.008618,0.008802
2019-12-27,0.014015,0.00459,-0.003027
2019-12-30,-0.001039,-0.001401,0.002324
2019-12-31,0.0168,0.006434,0.026883
2020-01-02,-0.00478,-0.004682,-0.010908
2020-01-03,-0.004437,0.001716,-0.004585
2020-01-06,0.010098,0.011651,0.000132
2020-01-07,-0.009475,-0.015363,0.02296
2020-01-08,-0.006735,-0.001321,-0.006443
2020-01-09,0.003652,-0.00083,0.003078
2020-01-10,0.004895,0.022973,-0.003839
2020-01-13,0.008852,0.000339,0.01214
2020-01-14,0.003432,0.010448,0.003471
2020-01-15,0.000287,0.004569,-0.008239
2020-01-16,0.003907,0.013945,-0.007587
2020-01-17,0.012136,0.022989,-0.015114
2020-01-21,-0.004532,0.00997,-0.005182
2020-01-22,-0.009982,0.009549,-0.014117
2020-01-23,0.022452,0.021011,0.007519
2020-01-24,0.022689,0.027629,0.012348
2020-01-27,-0.013718,-0.009333,-0.010912
2020-01-28,0.012977,0.006919,0.015752
2020-01-29,0.002484,0.005131,-0.007151
2020-01-30,0.012103,0.010411,0.00943
2020-01-31,0.002357,0.013753,-0.005906
2020-02-03,-0.019886,-0.01193,-0.014733
2020-02-04,-0.024066,-0.036417,0.001825
2020-02-05,0.021234,0.016494,0.0108
2020-02-06,0.009632,0.009091,0.00656
2020-02-07,0.025711,0.029342,-0.000269
2020-02-10,-0.004754,-0.002226,-0.010848
2020-02-11,-0.019143,-0.009021,-0.012765
2020-02-12,0.012673,0.000963,0.016361
2020-02-13,0.012679,0.007006,0.007647
2020-02-14,0.01155,0.003951,0.025732
2020-02-18,-0.010954,0.012013,-0.033064
2020-02-19,0.011586,0.004379,-1e-06
2020-02-20,0.026761,0.013378,0.022678
2020-02-21,0.037469,0.034653,0.014789
2020-02-24,0.007964,0.013751,-0.002649
2020-02-25,0.015744,0.024193,-0.006404
2020-02-26,-0.003429,0.009255,0.0018
2020-02-27,-0.041382,-0.047565,0.009528
2020-02-28,0.014211,0.00316,0.004121
2020-03-02,0.039411,0.045229,-0.006878
2020-03-03,0.01889,0.009527,0.012663
2020-03-04,0.029549,0.043262,-0.013638
2020-03-05,0.040499,0.043371,-0.000487
2020-03-06,0.098517,0.158929,-0.03646
2020-03-09,-0.027738,-0.045737,0.011353
2020-03-10,0.001826,0.018524,-0.030771
2020-03-11,-0.016688,0.009863,-0.034645
2020-03-12,-0.106734,-0.102293,-0.060046
2020-03-13,0.057467,0.019078,0.051619
2020-03-16,0.04268,0.046224,0.011704
2020-03-17,-0.006247,0.05384,-0.066934
2020-03-18,-0.039556,-0.074527,0.045433
2020-03-19,0.020966,-0.004444,0.033061
2020-03-20,0.018075,0.040724,-0.011376
2020-03-23,0.017317,-0.036961,0.060481
2020-03-24,0.012589,-0.048286,0.073843
2020-03-25,0.042056,-0.022249,0.039571
2020-03-26,0.007548,-0.020366,0.017256
2020-03-27,0.012077,0.002323,-0.008259
2020-03-30,-0.013,-0.019669,0.013083
2020-03-31,-0.014257,-0.024399,0.017539
2020-04-01,-0.021165,-0.019357,-0.009584
2020-04-02,-0.019537,-0.036086,-0.017059
2020-04-03,0.015031,-0.020523,0.058893
2020-04-06,-0.041352,-0.033508,-0.012199
2020-04-07,0.006116,-0.013203,-0.007046
2020-04-08,0.043557,0.028829,0.037637
2020-04-09,-0.004606,0.007829,-0.006013
2020-04-13,0.029478,0.020905,0.035109
2020-04-14,0.01344,0.016633,0.017242
2020-04-15,0.029199,0.028462,0.021025
2020-04-16,-0.031497,-0.029859,-0.012415
2020-04-17,0.010051,0.019309,-0.013595
2020-04-20,0.000165,0.039313,-0.044745
2020-04-21,0.027175,0.040739,-0.003002
2020-04-22,0.027852,0.011031,0.021427
2020-04-23,0.00491,0.013419,-0.00342
2020-04-24,-4.9e-05,0.010229,-0.017613
2020-04-27,-0.017013,-0.017465,0.006371
2020-04-28,0.018381,0.008116,-0.006634
2020-04-29,-0.021543,-0.039408,0.003303
2020-04-30,0.021997,-0.017,0.051157
2020-05-01,-0.000459,-0.00595,-0.013197
2020-05-04,0.005305,-0.011745,0.027721
2020-05-05,0.033501,0.026444,0.031629
2020-05-06,0.017476,0.011331,0.010957
2020-05-07,-0.00238,0.006287,-0.017322
2020-05-08,-0.002601,-0.016925,0.010797
2020-05-11,0.017048,0.015662,0.004657
2020-05-12,0.019811,0.025299,0.028089
2020-05-13,0.000382,-0.002921,0.002232
2020-05-14,0.026403,0.032668,-0.012698
2020-05-15,-0.023622,-0.06156,0.047424
2020-05-18,0.027494,0.031168,0.028372
2020-05-19,-0.004926,-0.004501,-0.011776
2020-05-20,-0.014373,0.00262,-0.017882
2020-05-21,-0.008967,-0.020848,0.006782
2020-05-22,-0.02731,-0.036361,0.002683
2020-05-26,-0.011626,-0.003915,-0.032177
2020-05-27,0.008556,-0.014174,0.031408
2020-05-28,0.017374,-0.004898,0.021675
2020-05-29,0.021596,0.030295,0.000275
2020-06-01,-0.018606,0.006315,-0.021651
2020-06-02,-0.027596,0.027435,-0.043339
2020-06-03,-0.018816,0.023483,-0.051078
2020-06-04,-0.020322,0.034035,-0.041484
2020-06-05,-0.017657,0.04052,-0.037885
2020-06-08,0.021743,-0.020026,0.049853
2020-06-09,0.046518,-0.019508,0.091436
2020-06-10,-0.00918,-0.037983,0.048069
2020-06-11,0.001733,0.017905,-0.011801
2020-06-12,0.014829,0.006118,0.005349
2020-06-15,-0.00406,0.008821,-0.023814
2020-06-16,-0.000471,-0.009164,0.032829
2020-06-17,-0.002579,-0.001244,-0.005847
2020-06-18,0.024865,0.008092,0.011311
2020-06-19,0.029728,0.028875,0.009908
2020-06-22,0.021715,0.019605,0.012686
2020-06-23,0.012666,0.033409,-0.017264
2020-06-24,0.013436,0.00528,0.015354
2020-06-25,0.007835,0.002823,0.009429
2020-06-26,-0.019351,-0.034692,0.014176
2020-06-29,0.010668,0.003795,0.003434
2020-06-30,0.015127,0.028882,0.001396
2020-07-01,0.000315,-0.002154,0.004936
2020-07-02,0.02034,0.02658,0.004423
2020-07-06,0.019514,0.040487,-0.025486
2020-07-07,0.032668,0.030261,0.005262
2020-07-08,0.030642,0.044404,-0.015638
2020-07-09,-0.025737,-0.032398,0.017232
2020-07-10,-0.004931,-0.012703,-0.00215
2020-07-13,0.012046,-0.005091,0.003729
2020-07-14,-0.008787,-0.029669,0.010312
2020-07-15,-0.012002,-0.007011,-0.001533
2020-07-16,0.021467,0.012229,0.008797
2020-07-17,0.04842,0.049054,0.022849
2020-07-20,-0.007664,-0.020448,0.012417
2020-07-21,0.01094,0.017022,-0.015315
2020-07-22,-0.022231,-0.017469,-0.006518
2020-07-23,0.004485,0.00319,-0.006338
2020-07-24,0.04762,0.047055,0.016086
2020-07-27,-0.026001,-0.033176,-0.003146
2020-07-28,-0.006337,-0.008444,-0.003375
2020-07-29,0.003361,-0.008253,0.017083
2020-07-30,0.009201,0.018092,-0.011663
2020-07-31,-0.011145,-0.030354,1e-05
2020-08-03,0.020776,0.029089,0.004719
2020-08-04,0.010729,-0.003389,0.007224
2020-08-05,0.002098,0.003737,0.002581
2020-08-06,-0.029757,-0.04264,-0.013721
2020-08-07,-0.006923,4.3e-05,-0.01407
2020-08-10,-0.038534,-0.033803,-0.01381
2020-08-11,0.011421,-0.000782,0.015184
2020-08-12,0.023815,0.00069,0.020585
2020-08-13,-0.019724,-0.009274,-0.013546
2020-08-14,0.040621,0.011654,0.037949
2020-08-17,-0.002362,-0.001082,0.005279
2020-08-18,-0.004715,0.010254,-0.013906
2020-08-19,0.010057,-0.001152,0.010185
2020-08-20,-0.010248,0.012797,-0.021909
2020-08-21,-0.019118,-0.026182,-0.006427
2020-08-24,0.013179,0.014124,0.001292
2020-08-25,0.027467,0.041622,-0.000483
2020-08-26,-0.030027,-0.022576,-0.006309
2020-08-27,0.02017,0.004551,0.009293
2020-08-28,0.018637,0.02735,0.005751
2020-08-31,0.01929,0.021521,-0.005218
2020-09-01,-0.018226,-0.001176,-0.018407
2020-09-02,-0.030518,-0.052699,0.018197
2020-09-03,-0.014854,-0.004528,-0.006736
2020-09-04,0.009289,0.019642,0.020757
2020-09-08,0.031141,0.01349,0.015899
2020-09-09,-0.00254,0.016705,-0.025854
2020-09-10,0.006466,0.004669,0.0012
2020-09-11,0.016586,0.012003,0.011824
2020-09-14,0.010278,0.002064,0.016264
2020-09-15,-0.002118,-0.017878,0.014771
2020-09-16,-0.000598,0.004118,-0.001528
2020-09-17,0.008031,-0.001448,0.007523
2020-09-18,0.000847,-0.020103,-0.001997
2020-09-21,-0.006834,0.00557,-0.010812
2020-09-22,0.018793,0.003156,-0.007833
2020-09-23,-0.014546,-0.018808,-0.004171
2020-09-24,-0.00248,0.020833,-0.019176
2020-09-25,0.004934,-0.007832,0.006432
2020-09-28,0.030965,0.017034,0.018192
2020-09-29,-0.010133,0.013024,-0.015452
2020-09-30,0.01423,0.026364,-0.010415
2020-10-01,-0.002682,-0.013606,0.022253
2020-10-02,-0.009309,-0.009425,-0.002503
2020-10-05,-0.001503,0.010993,-0.011726
2020-10-06,0.005939,0.016744,-0.01026
2020-10-07,-0.010052,-0.020668,0.0019
2020-10-08,0.00832,0.002012,0.017948
2020-10-09,-0.001177,-0.012125,0.003998
2020-10-12,-0.00425,0.000965,-0.011798
2020-10-13,0.005923,-0.006334,0.01176
2020-10-14,-0.010664,-0.014553,0.000847
2020-10-15,-0.000318,-0.010388,0.005118
2020-10-16,-0.000923,0.003193,-0.009048
2020-10-19,0.003167,-0.002282,1.6e-05
2020-10-20,-0.016417,-0.029834,0.001552
2020-10-21,0.039246,0.007854,0.035125
2020-10-22,0.002651,0.001937,0.006074
2020-10-23,-0.018368,-0.016193,-0.016092
2020-10-26,-0.01542,-0.01006,-0.007799
2020-10-27,0.006056,-0.004047,0.010754
2020-10-28,0.006455,0.006814,0.012472
2020-10-29,-0.006489,-0.007865,-0.002443
2020-10-30,-0.001209,-0.009109,0.009323
2020-11-02,0.005406,0.000248,0.011175
2020-11-03,-0.001165,-0.025574,0.02232
2020-11-04,-0.02005,-0.037714,0.007579
2020-11-05,-0.021716,0.003518,-0.029774
2020-11-06,0.117673,-0.043526,0.179299
2020-11-09,0.023904,0.019117,0.014542
2020-11-10,-0.006843,-0.024899,0.026669
2020-11-11,-0.021288,-0.026734,-0.00643
2020-11-12,0.011451,0.014007,-0.0154
2020-11-13,0.03291,0.06685,-0.037796
2020-11-16,0.017153,0.016073,0.002397
2020-11-17,0.006731,0.001421,0.015072
2020-11-18,0.01442,0.021601,-0.005132
2020-11-19,-0.003352,-0.014953,0.011918
2020-11-20,0.047657,0.068473,-0.031819
2020-11-23,0.049586,0.045263,0.013682
2020-11-24,-0.009514,-0.012334,-0.001858
2020-11-25,-0.002317,0.005973,-0.011795
2020-11-27,-0.019597,-0.048731,0.018575
2020-11-30,-0.02501,-0.028929,0.003172
2020-12-01,0.012961,0.003965,0.018602
2020-12-02,0.010893,0.018297,0.014736
2020-12-03,-0.007317,0.02346,-0.040231
2020-12-04,0.02776,0.003028,0.031124
2020-12-07,0.000568,0.00938,-0.005885
2020-12-08,-0.026064,-0.021078,-0.013339
2020-12-09,-0.00376,-0.002942,0.007272
2020-12-10,0.000404,-0.011466,0.015069
2020-12-11,0.004667,-0.012321,0.017486
2020-12-14,0.030924,0.018961,0.022514
2020-12-15,0.017178,-0.000611,0.021681
2020-12-16,0.029949,0.024714,0.020883
2020-12-17,0.005201,0.002565,-0.007739
2020-12-18,0.034337,0.032671,-0.000777
2020-12-21,0.013978,0.025232,-0.025839
2020-12-22,0.007346,-0.013068,0.025235
2020-12-23,-0.002484,-0.007919,0.012778
2020-12-24,0.013117,0.021222,0.0165
2020-12-28,-0.018,-0.0163,0.010841
2020-12-29,0.019041,0.009586,0.013058
2020-12-30,-0.01847,-0.011024,-0.002157
2020-12-31,0.050888,0.024543,0.033125
2021-01-04,0.000648,0.000989,-0.001613
2021-01-05,0.008777,0.022604,-0.052939
2021-01-06,0.039219,0.031073,0.015921
2021-01-07,-0.01671,-0.012103,0.032036
2021-01-08,-0.031501,-0.026433,-0.020175
2021-01-11,0.010304,0.015991,-0.021911
2021-01-12,-0.016245,-0.021272,0.003742
2021-01-13,0.002884,0.009574,-0.019313
2021-01-14,-0.038829,-0.051106,-0.00689
2021-01-15,0.034245,0.038041,0.027334
2021-01-19,0.006977,-0.012268,0.030389
2021-01-20,0.021437,0.021313,0.006432
2021-01-21,0.012834,0.006849,-0.004199
2021-01-22,-0.00088,-0.001074,-0.013573
2021-01-25,-0.011762,0.004702,-0.009367
2021-01-26,0.001531,0.024148,-0.024387
2021-01-27,-0.010274,-0.052145,0.0188
2021-01-28,-0.020218,0.005303,-0.033017
2021-01-29,-0.022817,-0.030576,-0.015797
2021-02-01,0.059896,-0.011724,0.063235
2021-02-02,0.019266,0.00986,0.031905
2021-02-03,0.033448,0.028294,0.013574
2021-02-04,-0.004926,-0.01285,-0.000807
2021-02-05,0.027893,0.01757,-0.009528
2021-02-08,0.01714,0.009001,-0.000845
2021-02-09,-0.002285,-0.000643,0.009183
2021-02-10,0.007831,0.004704,0.004215
2021-02-11,0.005613,0.008108,-0.020941
2021-02-12,-0.005653,0.012918,-0.045546
2021-02-16,-0.015048,-0.000432,-0.037165
2021-02-17,-0.019725,-0.009049,-0.004027
2021-02-18,0.017911,0.026193,-0.006148
2021-02-19,-0.010593,-0.005721,-0.012356
2021-02-22,-0.00175,-0.003521,0.010623
2021-02-23,0.028509,0.007031,0.022271
2021-02-24,-0.002033,0.016395,-0.007554
2021-02-25,0.005104,-0.009267,0.044117
2021-02-26,0.044734,0.006829,0.034499
2021-03-01,-0.016822,-0.00576,-0.033213
2021-03-02,0.032326,0.049744,-0.014583
2021-03-03,0.001774,0.02699,-0.02274
2021-03-04,0.014918,0.037045,-0.0116
2021-03-05,0.01176,0.027231,-0.040653
2021-03-08,-0.022451,-0.071441,0.061229
2021-03-09,0.014304,0.020709,-0.022125
2021-03-10,0.012281,-0.022725,0.044011
2021-03-11,0.002232,0.002336,-0.012127
2021-03-12,-0.010444,-0.00989,0.002871
2021-03-15,-0.017125,-0.016117,0.003581
2021-03-16,0.008106,0.007207,-0.000431
2021-03-17,-0.017313,-0.007329,-0.003805
2021-03-18,0.010112,-0.011198,0.018153
2021-03-19,-0.019444,-0.022368,-0.009433
2021-03-22,-0.021222,0.001668,-0.016916
2021-03-23,0.008694,-0.017551,0.025792
2021-03-24,0.008324,-0.012798,0.009043
2021-03-25,0.012089,0.003603,0.012775
2021-03-26,-0.009557,0.009048,-0.013573
2021-03-29,0.024498,-0.002342,0.030739
2021-03-30,-0.017766,-0.027852,-0.003082
2021-03-31,0.002173,-0.006508,0.013654
2021-04-01,-0.006789,-0.005397,0.006734
2021-04-05,-0.007703,-0.010626,-0.000911
2021-04-06,-0.002705,-0.000319,0.00177
2021-04-07,-0.009262,-0.013822,-0.002799
2021-04-08,0.006664,0.001689,-0.006672
2021-04-09,0.009752,0.001446,0.009217
2021-04-12,-0.010747,-0.001032,-0.021838
2021-04-13,0.01051,-0.020109,0.037013
2021-04-14,-0.026231,0.014932,-0.033157
2021-04-15,0.00189,-0.001557,-0.001405
2021-04-16,-0.022285,-0.004409,-0.023947
2021-04-19,0.000747,0.022587,-0.009439
2021-04-20,0.021755,0.000548,0.029737
2021-04-21,-0.004117,-0.009675,-0.004814
2021-04-22,0.010576,-0.008408,0.013932
2021-04-23,0.013638,-0.009383,0.015911
2021-04-26,-0.013908,-0.010112,-0.007881
2021-04-27,-0.008004,-0.009427,-0.010618
2021-04-28,-0.022501,-0.02281,-0.005759
2021-04-29,-0.012632,-0.02371,0.001819
2021-04-30,0.000777,-0.002927,-0.002565
2021-05-03,-0.020861,0.007321,-0.027194
2021-05-04,0.00332,0.030797,-0.020004
2021-05-05,-0.001849,0.004707,-0.0079
2021-05-06,0.009121,0.013995,-0.006258
2021-05-07,-0.021599,-0.003366,-0.03568
2021-05-10,0.018689,0.00461,0.015676
2021-05-11,-0.029494,-0.004261,-0.038144
2021-05-12,-0.029159,-0.014027,-0.00784
2021-05-13,0.022537,-0.001383,0.026528
2021-05-14,0.000397,0.035883,-0.035414
2021-05-17,0.019328,-0.005693,0.030669
2021-05-18,-0.002776,-0.020395,0.022564
2021-05-19,0.017514,0.002631,0.015709
2021-05-20,-0.007023,-0.002703,-0.007755
2021-05-21,0.002829,-0.0048,0.010209
2021-05-24,0.003186,0.000923,-0.002306
2021-05-25,0.011378,0.002875,0.017199
2021-05-26,0.014635,0.00898,0.008957
2021-05-27,-0.00661,-0.007475,0.003335
2021-05-28,-0.005778,-0.005642,0.002297
2021-06-01,-0.00099,0.003412,-0.024725
2021-06-02,-0.022039,-0.018307,-0.023961
2021-06-03,0.010088,0.005369,0.006727
2021-06-04,-0.000236,-0.000782,-0.00273
2021-06-07,-0.01001,0.001179,-0.021721
2021-06-08,0.003453,-0.006986,0.009656
2021-06-09,0.013374,-0.012056,0.019677
2021-06-10,-0.016675,-0.009857,-0.016879
2021-06-11,0.006086,0.018034,0.002939
2021-06-14,-0.006946,-0.009278,-0.008297
2021-06-15,-0.010812,0.000248,-0.014975
2021-06-16,0.026881,0.049596,-0.000385
2021-06-17,-0.001544,0.007208,-0.011359
2021-06-18,-0.001413,-0.027416,0.020377
2021-06-21,-0.006313,0.002602,-0.006966
2021-06-22,-0.004959,0.001158,-0.006621
2021-06-23,-0.002993,-0.007821,-0.003597
2021-06-24,0.000104,0.006506,-0.006869
2021-06-25,0.002374,0.028205,-0.01932
2021-06-28,-0.01437,0.003436,-0.015591
2021-06-29,-0.001081,-0.013035,0.014264
2021-06-30,0.004015,-0.009792,0.010203
2021-07-01,0.001252,-0.004495,0.009136
2021-07-02,0.003598,-0.003237,0.003753
2021-07-06,0.013539,0.013418,0.002213
2021-07-07,-0.007909,-0.013457,0.002197
2021-07-08,-0.011988,-0.020059,0.005296
2021-07-09,-0.003326,0.002347,-0.014616
2021-07-12,0.008015,0.014778,-0.001049
2021-07-13,0.032156,0.036035,0.005581
2021-07-14,0.014568,0.018288,-0.001681
2021-07-15,0.012949,0.016561,-0.00251
2021-07-16,0.012377,0.022092,0.008817
2021-07-19,-0.009813,-0.011517,-0.003908
2021-07-20,-0.025169,-0.043881,0.012874
2021-07-21,-0.000106,0.006334,0.003051
2021-07-22,0.006646,0.015076,-0.011698
2021-07-23,-0.023923,-0.022583,0.011309
2021-07-26,0.019862,0.017331,0.00203
2021-07-27,-0.006718,-0.02396,0.012872
2021-07-28,-0.001047,0.000623,-0.004381
2021-07-29,0.012508,0.007923,-0.000364
2021-07-30,5e-06,-0.001398,0.006742
2021-08-02,-0.002828,-0.000703,-0.008885
2021-08-03,0.00386,0.008209,0.017363
2021-08-04,-0.012466,-0.020726,0.012993
2021-08-05,-0.009131,-0.00665,-0.016052
2021-08-06,0.009859,0.01885,-0.005664
2021-08-09,-0.011051,-0.024918,-0.00067
2021-08-10,0.001906,-0.00851,0.007109
2021-08-11,-0.003967,-0.001454,0.000893
2021-08-12,0.002737,-0.008583,0.011078
2021-08-13,-0.022777,-0.013995,-0.011765
2021-08-16,-0.019939,-0.017556,-0.011111
2021-08-17,0.000477,0.012951,0.000505
2021-08-18,-0.017874,0.004029,-0.019764
2021-08-19,0.007509,0.016131,0.005669
2021-08-20,0.023024,-0.024373,0.038799
2021-08-23,0.00538,-0.016789,0.017447
2021-08-24,-0.002698,-0.007721,0.003198
2021-08-25,-0.014658,-0.005319,-0.009405
2021-08-26,-0.014201,-0.02388,0.002711
2021-08-27,0.000955,-0.00967,0.007916
2021-08-30,-0.004201,0.00125,-0.003513
2021-08-31,-0.011695,0.010224,-0.011422
2021-09-01,-0.010638,-0.000131,-0.010283
2021-09-02,-0.004728,0.000999,-0.000948
2021-09-03,0.004297,-0.003214,0.003278
2021-09-07,-0.014599,0.005723,-0.00302
2021-09-08,-0.001012,0.00147,0.000942
2021-09-09,0.003372,0.002092,0.008854
2021-09-10,0.004631,0.011116,-0.00405
2021-09-13,-0.013913,-0.002573,-0.013883
2021-09-14,0.024184,0.029379,0.008878
2021-09-15,0.025709,0.013998,0.029701
2021-09-16,0.003691,-0.011741,0.016572
2021-09-17,-0.024575,-0.022252,-0.021998
2021-09-20,-0.008108,-0.008067,-0.003143
2021-09-21,0.019972,0.009593,0.019254
2021-09-22,0.036876,0.037021,0.021602
2021-09-23,-0.005429,0.010926,-0.011701
2021-09-24,-0.028246,0.021045,-0.042699
2021-09-27,-0.002404,0.0066,-0.006027
2021-09-28,0.005877,0.014056,-0.006432
2021-09-29,-0.012318,-0.019233,0.029218
2021-09-30,0.021965,0.022792,0.016884
2021-10-01,0.003996,0.015238,-0.041313
2021-10-04,0.016201,0.011445,0.000637
2021-10-05,-0.016333,-0.03949,0.02208
2021-10-06,0.008616,0.012192,0.011363
2021-10-07,0.005535,0.018335,-0.011457
2021-10-08,0.001097,0.000701,-0.001381
2021-10-11,-0.015463,-0.018084,-0.003018
2021-10-12,-0.020481,-0.019417,-0.017671
2021-10-13,-0.001513,0.002649,-0.001461
2021-10-14,0.012345,0.020858,0.002554
2021-10-15,0.010456,0.020464,0.004042
2021-10-18,-0.00695,-0.00336,-0.011619
2021-10-19,0.002144,-0.012989,0.006167
2021-10-20,-0.010872,-0.020315,0.004717
2021-10-21,-0.002959,-0.014744,0.002607
2021-10-22,0.007145,-0.000559,0.010221
2021-10-25,0.006134,-0.005519,0.002511
2021-10-26,-0.028486,-0.012086,-0.018167
2021-10-27,0.01223,0.015384,0.004188
2021-10-28,0.010518,0.020132,-0.010828
2021-10-29,0.015531,0.015123,0.017644
2021-11-01,-0.018758,-0.005635,-0.015742
2021-11-02,-0.00699,-0.004434,-0.014989
2021-11-03,0.003419,0.023265,-0.004072
2021-11-04,-0.009294,-0.011886,0.015922
2021-11-05,0.031937,0.031191,0.025952
2021-11-08,0.007687,0.004654,0.001092
2021-11-09,-0.0089,-0.019967,0.018507
2021-11-10,0.030618,0.015309,0.032189
2021-11-11,0.02425,0.021715,0.011633
2021-11-12,-0.025257,-0.019932,-0.003354
2021-11-15,-0.010295,-0.014635,0.001284
2021-11-16,0.009352,0.014045,-0.001008
2021-11-17,-0.012894,0.003713,-0.013838
2021-11-18,0.014015,0.004225,0.002751
2021-11-19,-0.019929,-0.019844,-0.006804
2021-11-22,-0.023757,-0.03608,0.00857
2021-11-23,0.001434,0.004095,0.002956
2021-11-24,-0.008245,0.001548,-0.018085
2021-11-26,0.025285,0.007893,0.037351
2021-11-29,0.014116,0.010505,0.012165
2021-11-30,-0.00824,0.021908,-0.028612
2021-12-01,-0.022016,-0.021699,-0.01509
2021-12-02,0.021754,0.030381,0.005202
2021-12-03,0.000527,0.023547,0.017739
2021-12-06,-0.009849,-0.01032,0.00289
2021-12-07,-0.003803,-0.007125,0.004403
2021-12-08,0.01527,0.021164,-0.001622
2021-12-09,-0.004903,-0.001162,-0.004799
2021-12-10,0.024604,0.018332,0.025037
2021-12-13,-0.003517,0.001705,-0.008503
2021-12-14,0.006495,-0.004324,0.008177
2021-12-15,0.005287,0.02175,-3.6e-05
2021-12-16,0.015049,-0.005489,0.019855
2021-12-17,0.005046,0.004886,9e-06
2021-12-20,-0.018988,-0.03475,0.025534
2021-12-21,-0.002087,0.004698,-0.002076
2021-12-22,-0.00797,-0.009076,0.004588
2021-12-23,-0.013801,-0.01633,-0.005067
2021-12-27,0.013782,0.011779,0.007706
2021-12-28,0.024163,0.028885,-0.002009
2021-12-29,0.001224,-0.009345,0.010316
2021-12-30,0.006893,0.003475,-0.000679
2021-12-31,-0.005252,-0.010178,0.003908
2022-01-03,-0.009416,0.013363,-0.019517
2022-01-04,0.016846,0.01624,-0.003543
2022-01-05,-0.008681,0.004569,-0.018394
2022-01-06,-0.000263,0.00456,-0.008978
2022-01-07,-0.009449,-0.001821,-0.021159
2022-01-10,0.010136,0.00783,0.012972
2022-01-11,-0.004142,-0.005465,-0.029314
2022-01-12,-0.003436,-0.009844,-0.001857
2022-01-13,0.020767,0.029391,-0.000984
2022-01-14,-0.01735,-0.004066,-0.029979
2022-01-18,-0.048328,-0.037844,-0.037725
2022-01-19,-0.011549,-0.010626,0.002204
2022-01-20,0.028782,0.026965,0.005558
2022-01-21,0.007202,-0.015545,0.011072
2022-01-24,-0.010909,0.018823,-0.035269
2022-01-25,-0.003797,-0.009268,-0.009813
2022-01-26,-0.001766,0.027099,-0.031841
2022-01-27,-0.014126,-0.029278,-0.007689
2022-01-28,-0.003065,-0.047163,0.044776
2022-01-31,-0.007082,-0.017056,0.002803
2022-02-01,0.01396,0.033022,-0.006704
2022-02-02,-9.5e-05,-0.002508,0.006567
2022-02-03,-0.03285,-0.045501,-0.012318
2022-02-04,-0.008931,-0.030884,0.013909
2022-02-07,0.011789,-0.009037,0.024306
2022-02-08,-0.005773,-0.003579,0.000693
2022-02-09,-0.004585,-0.005317,-0.000248
2022-02-10,-0.001727,-0.027647,0.020215
2022-02-11,0.003929,0.001825,0.015929
2022-02-14,0.003692,-0.020025,0.019784
2022-02-15,0.006956,-0.000671,0.006189
2022-02-16,0.0058,0.005576,0.007033
2022-02-17,0.008173,0.003917,0.007024
2022-02-18,0.011533,0.012641,0.010245
2022-02-22,-0.01009,0.020157,-0.038635
2022-02-23,-0.004244,-0.049626,0.029136
2022-02-24,0.011762,-0.00719,0.023444
2022-02-25,0.018231,0.013628,0.016879
2022-02-28,-0.027705,0.024483,-0.060614
2022-03-01,0.024713,0.001171,0.02237
2022-03-02,-0.015511,0.000174,-0.010404
2022-03-03,-0.010495,0.051837,-0.059608
2022-03-04,0.02891,0.058161,-0.029298
2022-03-07,0.037853,0.00557,0.006759
2022-03-08,0.00527,-0.049428,0.082267
2022-03-09,-0.004858,0.006615,-0.019402
2022-03-10,-0.022564,-0.016458,-0.031476
2022-03-11,-0.042693,-0.054495,0.000649
2022-03-14,0.006942,-0.038349,0.054498
2022-03-15,0.024891,-0.030003,0.061052
2022-03-16,0.004767,-0.00512,0.008984
2022-03-17,0.009553,0.001833,0.026503
2022-03-18,0.003056,-0.034672,0.049907
2022-03-21,-0.00412,0.017761,-0.029902
2022-03-22,0.004839,-0.02243,0.0247
2022-03-23,-0.003437,0.01784,-0.001324
2022-03-24,-0.023243,-0.022434,-0.01994
2022-03-25,-0.002412,0.01155,-0.022381
2022-03-28,0.00938,0.00496,0.000343
2022-03-29,-0.017775,0.004123,-0.001578
2022-03-30,-0.009756,0.006348,-0.003847
2022-03-31,-0.012593,-0.001174,-0.021596
2022-04-01,0.012176,-0.003285,0.012108
2022-04-04,-0.011127,0.013422,-0.01843
2022-04-05,-0.023666,-0.010708,-0.027617
2022-04-06,-0.010106,0.004357,-0.013858
2022-04-07,-0.009369,0.000333,-0.013979
2022-04-08,-0.009141,-0.010093,-0.011093
2022-04-11,0.001003,0.019533,-0.004574
2022-04-12,0.007171,0.009147,0.001896
2022-04-13,-0.003519,0.023376,-0.023475
2022-04-14,0.004514,0.024756,-0.003672
2022-04-18,0.020836,-0.027045,0.051666
2022-04-19,-0.005157,-0.005343,-0.020198
2022-04-20,0.004774,0.010092,-0.009865
2022-04-21,-0.008325,-0.012501,0.006447
2022-04-22,0.016002,-0.010995,0.035755
2022-04-25,-0.004106,0.009589,-0.00316
2022-04-26,0.007249,0.004344,0.000669
2022-04-27,0.01096,-0.00238,0.029067
2022-04-28,-0.011468,-0.010571,0.002054
2022-04-29,0.031956,0.00607,0.019811
2022-05-02,-8e-06,-0.008254,0.011282
2022-05-03,0.012771,0.02208,-0.00331
2022-05-04,-0.003607,0.018859,-0.018008
2022-05-05,-0.007757,-0.007909,-0.012142
2022-05-06,0.049638,0.023631,0.042545
2022-05-09,0.019149,0.011572,0.008552
2022-05-10,-0.000813,0.023101,-0.031971
2022-05-11,0.007177,-3.3e-05,0.005028
2022-05-12,-0.021552,-0.044768,0.015783
2022-05-13,0.007518,0.017851,-0.020181
2022-05-16,0.007065,-0.009832,0.014118
2022-05-17,0.000789,0.009509,-0.008352
2022-05-18,-0.006112,-0.013357,0.02348
2022-05-19,0.000252,0.011291,-0.002603
2022-05-20,-0.0072,-0.003152,-0.003623
2022-05-23,0.002459,0.009119,0.005809
2022-05-24,-0.009346,-0.024084,-0.002112
2022-05-25,-0.003727,-0.010638,0.002868
2022-05-26,0.002968,0.012295,-0.001641
2022-05-27,-0.02906,-0.02184,-0.011809
2022-05-31,0.006847,-0.015778,0.006886
2022-06-01,0.001374,0.000811,0.013544
2022-06-02,0.004076,0.003237,-0.003698
2022-06-03,-0.017313,-0.021417,-0.020896
2022-06-06,0.013824,0.013795,0.004848
2022-06-07,-0.003588,-0.005234,0.00244
2022-06-08,-0.007727,-0.019735,-0.002038
2022-06-09,0.006201,-0.008495,0.021414
2022-06-10,0.037357,0.051831,0.022331
2022-06-13,0.013297,0.001326,0.03969
2022-06-14,0.016301,0.001825,0.014088
2022-06-15,0.012961,0.024809,-0.002977
2022-06-16,0.025192,0.0207,0.022447
2022-06-17,-0.003326,-0.010231,0.011695
2022-06-21,0.028392,0.036004,-0.001957
2022-06-22,0.009619,0.041552,-0.049266
2022-06-23,-0.007576,-0.008053,0.001797
2022-06-24,0.002947,-0.02332,0.041377
2022-06-27,-0.011988,-0.036547,0.029766
2022-06-28,0.019816,0.023631,-0.016551
2022-06-29,0.022514,0.049239,-0.006069
2022-06-30,-0.015997,0.003071,-0.022466
2022-07-01,0.009994,0.028536,-0.056958
2022-07-05,0.014549,0.011288,0.004891
2022-07-06,-0.024747,-0.051433,0.010319
2022-07-07,0.002836,0.003924,-0.003057
2022-07-08,0.011638,-0.000648,0.011245
2022-07-11,0.02473,0.022919,0.026616
2022-07-12,-0.005235,-0.012656,0.012369
2022-07-13,-0.009638,-0.003046,-0.026783
2022-07-14,-0.00484,-0.003331,-0.017045
2022-07-15,-0.036071,-0.026018,-0.013675
2022-07-18,-0.017698,-0.011983,-0.022526
2022-07-19,-0.007827,0.015369,-0.035815
2022-07-20,0.013991,0.004078,0.020292
2022-07-21,-0.001288,0.00659,-0.000921
2022-07-22,-0.005108,-0.000329,-0.010666
2022-07-25,0.022102,-0.000946,0.031988
2022-07-26,-0.025903,-0.020936,-0.028483
2022-07-27,-0.006456,-0.014137,0.002473
2022-07-28,-0.02294,-0.007473,-0.03254
2022-07-29,0.012698,-0.000393,0.011852
2022-08-01,0.001049,0.001171,0.001908
2022-08-02,-0.004373,0.003532,0.019356
2022-08-03,0.04159,0.035642,0.02477
2022-08-04,0.0068,-0.013879,0.009747
2022-08-05,0.026466,0.017007,0.010639
2022-08-08,-0.018569,-0.022313,0.004514
2022-08-09,0.017714,0.022654,-0.004177
2022-08-10,-0.031231,-0.033804,0.005638
2022-08-11,0.015412,0.020225,0.005256
2022-08-12,-0.016178,-0.002749,-0.021555
2022-08-15,-0.01981,-0.020223,-0.013467
2022-08-16,-0.025482,-0.031319,6.1e-05
2022-08-17,0.000295,0.004128,0.002417
2022-08-18,-0.031212,-0.028718,-0.023681
2022-08-19,-0.011781,0.0193,-0.017071
2022-08-22,0.022141,0.001324,0.019396
2022-08-23,0.01166,0.003961,0.005668
2022-08-24,0.004356,0.003982,0.008771
2022-08-25,-0.016705,0.015237,-0.022397
2022-08-26,-0.009797,0.01194,-0.020311
2022-08-29,-0.005678,-0.032758,0.018918
2022-08-30,0.006643,-0.003013,0.008158
2022-08-31,-0.0285,-0.023905,-0.001973
2022-09-01,-0.008357,0.001746,-0.001948
2022-09-02,-0.007417,-0.007739,-0.003828
2022-09-06,-0.025983,-0.028553,-0.023639
2022-09-07,0.015228,0.002498,0.018133
2022-09-08,0.010477,-0.025628,0.029875
2022-09-09,-0.005084,-0.007862,-0.002021
2022-09-12,-0.005973,-0.026147,0.017241
2022-09-13,0.00975,-0.009875,0.009837
2022-09-14,0.011035,4e-06,0.011332
2022-09-15,0.009022,0.005057,0.003264
2022-09-16,-0.002356,0.002447,0.00288
2022-09-19,0.012471,0.003045,0.013704
2022-09-20,0.002085,-0.003519,-0.007886
2022-09-21,0.008733,0.000162,-0.001322
2022-09-22,0.023766,0.002427,0.037415
2022-09-23,-0.004545,-0.009352,-0.009852
2022-09-26,-0.00173,-0.006616,0.01853
2022-09-27,-0.009971,-0.014239,-0.000383
2022-09-28,0.000625,0.001735,-0.005798
2022-09-29,-0.002227,0.001937,-0.009444
2022-09-30,0.004057,0.025212,-0.003674
2022-10-03,-0.016228,-0.022398,0.009544
2022-10-04,-0.003607,-0.005651,-0.00816
2022-10-05,-0.000602,0.019272,-0.026841
2022-10-06,-0.009971,-0.013093,0.001042
2022-10-07,0.005682,-0.008197,0.010592
2022-10-10,0.008219,-0.007589,0.008764
2022-10-11,-0.006558,0.005901,-0.022182
2022-10-12,-0.006112,0.001637,-0.009963
2022-10-13,0.005443,0.007957,0.006127
2022-10-14,-0.002349,0.001756,0.00557
2022-10-17,0.009408,0.016853,0.008882
2022-10-18,-0.008004,0.019172,-0.027691
2022-10-19,0.003307,0.002668,-0.006586
2022-10-20,-0.013398,0.002573,-0.011381
2022-10-21,0.017029,0.007285,0.008527
2022-10-24,0.002767,-0.025158,0.025188
2022-10-25,-0.006029,-0.001942,-0.005127
2022-10-26,-0.00068,0.015126,-0.011817
2022-10-27,0.014636,0.009478,0.008841
2022-10-28,0.005709,-0.002504,0.014185
2022-10-31,-0.009824,0.008711,-0.012883
2022-11-01,0.009254,0.00014,-0.002443
2022-11-02,-0.005232,0.018239,-0.011895
2022-11-03,-0.033074,-0.014837,-0.030833
2022-11-04,0.009192,0.006655,0.000896
2022-11-07,-0.037168,-0.035137,-0.012769
2022-11-08,-0.0266,-0.019593,-0.032994
2022-11-09,-0.006047,-0.04397,0.032313
2022-11-10,0.008881,0.018801,0.007445
2022-11-11,-0.014845,-0.009821,-0.012051
2022-11-14,0.017779,-0.00074,0.023908
2022-11-15,-0.012396,-0.013504,-0.0117
2022-11-16,5.5e-05,-0.011231,0.004404
2022-11-17,0.014343,0.008439,0.012605
2022-11-18,-0.001097,0.001415,-0.000353
2022-11-21,-0.012606,-0.016235,-0.007005
2022-11-22,0.010838,0.016046,0.003275
2022-11-23,0.0062,-0.013128,0.00863
2022-11-25,-0.005212,-0.004637,-0.001039
2022-11-28,0.002694,-0.011689,0.004953
2022-11-29,0.017843,-0.013975,0.031267
2022-11-30,0.018514,0.019685,0.014321
2022-12-01,0.008561,-0.001904,0.009837
2022-12-02,0.026045,0.023508,0.003402
2022-12-05,0.012523,0.013272,-0.012632
2022-12-06,0.00422,0.008834,0.03376
2022-12-07,-0.000954,0.012561,-0.002122
2022-12-08,-0.000832,0.001745,0.017397
2022-12-09,-0.017965,-0.023345,0.000485
2022-12-12,-0.005856,-0.008242,0.009394
2022-12-13,0.011314,0.019564,-0.004069
2022-12-14,-0.019627,-0.026148,0.003448
2022-12-15,0.00445,-0.009721,0.015094
2022-12-16,0.002687,0.002564,0.005883
2022-12-19,0.010587,0.005723,0.00012
2022-12-20,-0.009971,-0.008468,-0.00405
2022-12-21,0.024236,0.017976,0.012208
2022-12-22,-0.014681,-0.002996,-0.018599
2022-12-23,-0.000752,0.010693,-0.010436
2022-12-27,0.010423,0.004759,0.015748
2022-12-28,0.008492,-0.00915,0.002038
2022-12-29,-0.002796,0.002164,-0.009488
2022-12-30,0.004662,0.010995,-0.006149
2023-01-03,-0.002036,-0.020212,0.009333
2023-01-04,-0.000793,0.012691,-0.017742
2023-01-05,0.001933,0.006318,0.004401
2023-01-06,-0.026678,-0.027611,-0.005183
2023-01-09,-0.001585,0.021507,-0.023429
2023-01-10,-0.008497,-0.009333,-0.004893
2023-01-11,-0.019434,0.003255,-0.029861
2023-01-12,-0.004999,0.00481,-0.012845
2023-01-13,-0.032489,-0.03689,-0.016793
2023-01-17,0.01013,0.023176,-0.006398
2023-01-18,-0.013791,-0.021942,-0.000986
2023-01-19,0.006391,0.019631,-0.013771
2023-01-20,-0.014468,-0.000223,-0.013487
2023-01-23,0.019995,0.016501,0.014771
2023-01-24,0.011749,0.007187,-0.011492
2023-01-25,-0.008199,-0.001572,-0.007652
2023-01-26,0.006065,0.01004,0.011371
2023-01-27,-0.004987,-0.014272,-0.008306
2023-01-30,0.006783,0.006273,-0.00333
2023-01-31,0.037858,0.0437,-0.007526
2023-02-01,-0.000899,0.048816,-0.020093
2023-02-02,-0.020395,-0.010334,-0.016248
2023-02-03,-0.019385,-0.022023,0.002344
2023-02-06,-0.006967,-0.008709,0.008827
2023-02-07,0.006546,0.001143,0.003608
2023-02-08,-0.014268,-0.005447,-0.005872
2023-02-09,-0.02931,-0.044164,-0.008542
2023-02-10,0.006899,0.017498,-0.004147
2023-02-13,0.000245,-0.003261,0.013775
2023-02-14,0.019937,0.006138,-0.006924
2023-02-15,-0.004558,-0.020493,0.001709
2023-02-16,-0.00523,-0.021215,0.016088
2023-02-17,-0.011467,0.005783,-0.016094
2023-02-21,0.005211,-0.01342,0.021001
2023-02-22,0.013903,-0.006177,0.028507
2023-02-23,0.011414,0.006539,0.016223
2023-02-24,-0.000972,-0.005106,-0.002932
2023-02-27,-0.005419,-0.002702,-0.006724
2023-02-28,-0.001998,0.00689,-0.002766
2023-03-01,-0.006403,-0.007646,0.004681
2023-03-02,-0.000346,0.009421,-0.004109
2023-03-03,0.004784,-0.019949,0.021493
2023-03-06,0.006885,0.013185,0.007185
2023-03-07,-0.004875,-0.013936,0.002047
2023-03-08,-0.039357,-0.009197,-0.046699
2023-03-09,-0.032977,-0.01914,-0.025794
2023-03-10,-0.083563,-0.059351,-0.041826
2023-03-13,0.004596,0.003289,0.001028
2023-03-14,-0.02734,0.000219,-0.034724
2023-03-15,0.026117,0.015344,0.020155
2023-03-16,-0.012645,0.025188,-0.043713
2023-03-17,-0.005815,-7.9e-05,0.004764
2023-03-20,-0.023923,-0.049866,0.018541
2023-03-21,0.016583,0.032726,-0.006465
2023-03-22,-0.002152,0.036762,-0.0414
2023-03-23,0.005595,-0.017933,0.017916
2023-03-24,-0.012933,-0.024501,-0.008864
2023-03-27,0.001837,0.00656,-0.019182
2023-03-28,-0.002851,-0.005731,0.006756
2023-03-29,0.019437,0.023872,-0.004036
2023-03-30,-0.0006,-0.00679,0.013049
2023-03-31,-0.01861,-0.009607,-0.034805
2023-04-03,0.025693,0.031944,0.015701
2023-04-04,-0.006517,-0.002881,-0.002661
2023-04-05,0.015588,0.012398,-0.000501
2023-04-06,-0.018897,-0.028364,0.020071
2023-04-10,-0.005432,-0.001487,-0.00616
2023-04-11,0.011688,0.017227,-0.00804
2023-04-12,0.003232,0.011953,-0.003305
2023-04-13,-0.01967,-0.015773,-0.007674
2023-04-14,-0.006894,-0.032696,0.021229
2023-04-17,-0.001081,0.006442,-0.00882
2023-04-18,0.003284,-0.010538,0.012077
2023-04-19,0.007504,0.009989,0.003438
2023-04-20,0.006571,0.002302,0.009802
2023-04-21,-0.012087,-0.018019,-0.012232
2023-04-24,0.024966,0.010671,0.02028
2023-04-25,0.002218,0.001006,0.015212
2023-04-26,0.008749,0.006581,0.021136
2023-04-27,-0.011327,-0.001078,-0.014967
2023-04-28,0.006819,0.007412,0.00558
2023-05-01,0.046704,0.028433,0.042173
2023-05-02,0.016505,0.02115,0.003869
2023-05-03,0.026919,0.021548,-0.001883
2023-05-04,-0.022527,-0.034823,0.011526
2023-05-05,0.012403,0.002603,0.01967
2023-05-08,-0.003901,-0.0096,-0.008104
2023-05-09,0.000932,0.012976,-0.010387
2023-05-10,0.002629,0.004463,-0.000327
2023-05-11,0.004476,-0.008111,0.00538
2023-05-12,-0.009933,-0.013516,0.00898
2023-05-15,0.005957,0.008545,-0.000138
2023-05-16,-0.013052,0.002432,-0.016655
2023-05-17,0.005107,0.025564,-0.029498
2023-05-18,0.004742,-0.008096,0.012
2023-05-19,-0.003801,-0.00973,-0.000849
2023-05-22,-0.005015,-0.005652,-0.001233
2023-05-23,-0.000735,0.006257,-0.014018
2023-05-24,0.00651,0.026174,-0.003229
2023-05-25,0.009754,0.021402,0.00341
2023-05-26,-0.0059,-0.000537,-0.017234
2023-05-30,0.014354,0.009932,0.015462
2023-05-31,0.005872,0.011952,0.007277
2023-06-01,-0.013967,-0.02202,0.01051
2023-06-02,0.018713,0.008099,0.020457
2023-06-05,-0.012999,-0.012279,-0.014845
2023-06-06,-0.00261,-0.016481,0.026304
2023-06-07,0.011962,0.000893,0.009128
2023-06-08,0.007181,0.011967,-0.001351
2023-06-09,0.018651,0.016797,-0.000541
2023-06-12,-0.00762,-0.007644,0.001452
2023-06-13,0.001282,-0.00717,0.015602
2023-06-14,-0.0029,-0.013906,-0.00593
2023-06-15,-0.012788,-0.011843,0.006257
2023-06-16,-0.019794,-0.029568,-0.012965
2023-06-20,-0.024844,0.003651,-0.025325
2023-06-21,0.010548,0.011344,-0.009156
2023-06-22,-0.007049,-0.000265,-0.017713
2023-06-23,-0.001006,-0.012391,0.01917
2023-06-26,0.000222,0.002461,0.007846
2023-06-27,-0.005334,-0.017456,0.004555
2023-06-28,-0.012099,-0.00976,-0.004888
2023-06-29,0.002222,-0.00479,0.001105
2023-06-30,-0.005528,0.000907,0.010374
2023-07-03,6.7e-05,-0.004152,0.004694
2023-07-05,2.4e-05,0.00312,-0.003333
2023-07-06,0.013867,0.012897,0.007557
2023-07-07,0.004587,-0.007271,0.005893
2023-07-10,0.014074,0.008552,0.000882
2023-07-11,-0.020008,-0.017351,-0.0174
2023-07-12,0.013097,0.021168,-0.013453
2023-07-13,-0.021566,-0.024676,-0.003263
2023-07-14,0.006214,0.013052,0.004194
2023-07-17,0.011315,0.008941,0.004455
2023-07-18,0.006702,-0.002983,0.008652
2023-07-19,0.013653,-0.018412,0.021393
2023-07-20,-0.00026,-0.004342,0.00479
2023-07-21,0.012105,0.011436,0.00222
2023-07-24,-0.007969,-0.008275,-0.003092
2023-07-25,0.013268,0.004937,0.011694
2023-07-26,0.016055,0.017414,0.021016
2023-07-27,0.008314,0.008737,0.007048
2023-07-28,0.0165,0.008813,0.008049
2023-07-31,-0.012728,0.002101,-0.011752
2023-08-01,-0.027998,-0.007989,-0.02582
2023-08-02,-1.1e-05,0.000327,-0.014038
2023-08-03,-0.003817,-0.000159,-0.008934
2023-08-04,0.01135,0.011922,0.005695
2023-08-07,0.002487,0.001224,-0.000255
2023-08-08,-0.005638,0.001729,-0.013706
2023-08-09,-0.004348,-0.013054,0.007707
2023-08-10,-0.003851,0.004132,-0.01882
2023-08-11,-4.9e-05,-0.00288,0.011635
2023-08-14,-0.007173,-0.000298,-0.010731
2023-08-15,-0.002764,0.007103,-0.001789
2023-08-16,-0.003213,0.012834,-0.009488
2023-08-17,0.0011,0.007711,0.000702
2023-08-18,-0.006104,-0.00678,-0.002756
2023-08-21,-0.018659,-0.006904,-0.018931
2023-08-22,-0.017062,-0.015842,-0.002113
2023-08-23,-0.003299,-0.013293,0.002528
2023-08-24,0.003163,0.002752,-0.001701
2023-08-25,0.000938,-0.002975,-0.000564
2023-08-28,0.0019,-0.01572,0.015518
2023-08-29,0.003607,-0.001856,-0.001694
2023-08-30,0.009511,0.017938,-0.000248
2023-08-31,0.002086,-0.001037,-0.006348
2023-09-01,-0.010334,0.013435,-0.015737
2023-09-05,-0.006043,0.004036,-0.006144
2023-09-06,-0.00432,-0.014066,0.002194
2023-09-07,-0.002571,0.000474,-0.00709
2023-09-08,0.011948,0.007946,0.012209
2023-09-11,-0.015162,-0.032083,-0.00848
2023-09-12,0.002626,-0.001761,0.002443
2023-09-13,-0.016892,-0.010497,-0.014432
2023-09-14,0.000516,0.007106,0.000542
2023-09-15,-0.001805,-0.00465,-0.007026
2023-09-18,0.001865,-0.001081,0.002796
2023-09-19,0.003829,0.011927,5.3e-05
2023-09-20,0.00969,0.009687,0.000749
2023-09-21,-0.005045,0.008011,-0.012532
2023-09-22,0.015431,0.008888,0.009302
2023-09-25,0.009792,0.004991,0.004052
2023-09-26,0.028207,0.015595,0.018605
2023-09-27,0.000377,0.000234,0.001993
2023-09-28,0.002585,-0.019225,0.012656
2023-09-29,0.011068,0.022362,-0.005749
2023-10-02,-0.007203,-0.011791,0.003344
2023-10-03,-0.008076,-0.013693,-0.001006
2023-10-04,0.001458,-0.002607,-0.011418
2023-10-05,-0.000468,0.00145,0.000477
2023-10-06,-0.001582,-0.00714,0.00332
2023-10-09,0.002794,-0.014775,0.023047
2023-10-10,-0.017967,-0.011822,-0.017048
2023-10-11,0.00448,0.009332,0.006992
2023-10-12,-0.000472,-0.022281,0.022996
2023-10-13,-0.014231,-0.021682,0.000727
2023-10-16,-0.003512,-0.001722,-0.002465
2023-10-17,0.001384,0.003018,-0.004121
2023-10-18,-0.009639,0.010952,-0.018061
2023-10-19,-0.018535,-0.005171,-0.019307
2023-10-20,0.004797,0.002534,0.006707
2023-10-23,-0.001404,-0.004447,-0.01025
2023-10-24,0.003765,0.01839,-0.010905
2023-10-25,-0.005293,-0.02592,0.014892
2023-10-26,-0.013197,0.008646,-0.013938
2023-10-27,0.006402,0.006934,0.001458
2023-10-30,0.012505,-0.006603,0.017612
2023-10-31,0.002568,0.005118,0.00233
2023-11-01,0.023363,0.009981,0.030583
2023-11-02,-0.00855,-0.007767,-0.01036
2023-11-03,-0.001684,-0.00315,-0.003134
2023-11-06,0.000643,0.022439,-0.012177
2023-11-07,0.00096,0.003235,-0.011437
2023-11-08,-0.007568,-0.013021,0.004115
2023-11-09,-0.012545,0.012994,-0.020465
2023-11-10,-0.011355,-0.022067,0.003377
2023-11-13,0.043202,0.021131,0.002926
2023-11-14,0.010601,0.011512,0.009692
2023-11-15,-0.000378,0.008609,0.003397
2023-11-16,-0.010366,-0.014821,-0.011109
2023-11-17,0.007497,0.006932,-0.004652
2023-11-20,0.010596,-0.003408,0.02258
2023-11-21,0.000767,0.00208,0.006823
2023-11-22,0.004228,0.005175,0.001681
2023-11-24,0.016922,0.015828,0.007741
2023-11-27,0.020444,0.013512,-0.001021
2023-11-28,0.006325,0.006129,-0.004649
2023-11-29,0.002253,0.00513,-0.000206
2023-11-30,0.004042,0.016981,-0.006411
2023-12-01,0.003529,0.013215,-0.012435
2023-12-04,0.008198,0.018838,-0.002255
2023-12-05,0.021013,0.023958,-0.000484
2023-12-06,-0.001888,-0.00043,-0.003362
2023-12-07,-0.014251,-0.003943,-0.015996
2023-12-08,0.008177,-0.013424,0.015905
2023-12-11,0.011162,0.021604,-0.011782
2023-12-12,0.014075,0.016658,0.012113
2023-12-13,-0.008014,-0.007481,-0.01442
2023-12-14,-0.009109,-0.00795,0.002855
2023-12-15,-0.006011,-0.01006,0.007774
2023-12-18,0.003132,0.003142,0.001299
2023-12-19,0.002,-0.005974,0.015536
2023-12-20,-0.005706,-0.004389,-0.001519
2023-12-21,0.001958,0.00155,0.003693
2023-12-22,-0.002823,0.009965,-0.018356
2023-12-26,0.008646,0.015584,0.00037
2023-12-27,-0.000789,-0.001426,0.00939
2023-12-28,0.001255,-0.016097,0.006088
2023-12-29,-0.009065,-0.016997,0.016508
2024-01-02,-0.030832,-0.025982,-0.020983
2024-01-03,-0.000776,0.017245,0.000267
2024-01-04,-0.008248,-0.000593,-0.003688
2024-01-05,0.008759,0.01904,0.006346
2024-01-08,-0.008133,0.021043,-0.015129
2024-01-09,0.017055,0.001246,0.009849
2024-01-10,-0.009707,-0.001066,-0.017772
2024-01-11,-0.0089,0.018534,-0.013839
2024-01-12,-0.001413,-0.026737,-0.006233
2024-01-16,-0.017819,0.001212,-0.019457
2024-01-17,-0.000702,0.003429,-0.002248
2024-01-18,0.01273,0.026795,0.014003
2024-01-19,0.01225,0.022227,-0.008213
2024-01-22,0.008373,-0.000593,0.026499
2024-01-23,-0.017953,-0.006444,-0.005433
2024-01-24,0.003333,0.00169,0.004794
2024-01-25,0.013162,-0.006159,0.022462
2024-01-26,-0.004644,0.002859,-0.000304
2024-01-29,0.005789,-0.001077,0.012685
2024-01-30,-0.022772,-0.024077,0.000385
2024-01-31,-0.029292,-0.008081,-0.038012
2024-02-01,0.015869,0.012298,0.01668
2024-02-02,0.006568,0.010664,0.007929
2024-02-05,-0.005907,-0.006836,0.002669
2024-02-06,0.009544,0.009605,7.4e-05
2024-02-07,0.016689,0.028489,-0.001277
2024-02-08,0.017307,0.02756,-0.004924
2024-02-09,0.011943,0.015092,-0.01711
2024-02-12,0.011778,0.021907,0.009525
2024-02-13,0.009444,0.025738,-0.030339
2024-02-14,-0.001366,-0.010972,0.010993
2024-02-15,-0.002966,-0.008957,-0.003996
2024-02-16,-0.010375,-0.00555,-0.003451
2024-02-20,0.004688,-0.018851,0.034504
2024-02-21,0.015151,0.018707,0.00624
2024-02-22,-0.014112,-0.002122,-0.017367
2024-02-23,0.021814,0.022888,0.000535
2024-02-26,0.012654,0.00573,-0.005051
2024-02-27,-0.001434,0.013258,-0.014927
2024-02-28,-0.007207,-0.016119,0.0083
2024-02-29,-0.013421,-0.011967,-0.006744
2024-03-01,-0.024187,0.010784,-0.038844
2024-03-04,0.001374,-0.017209,0.014809
2024-03-05,-0.005558,-0.001771,-0.008105
2024-03-06,-0.007007,-0.000611,-0.007038
2024-03-07,-0.001863,-0.006844,-0.014902
2024-03-08,-0.00917,-0.000698,-0.01617
2024-03-11,0.012307,0.000432,0.014651
2024-03-12,-0.001202,0.016669,-0.008819
2024-03-13,-0.005149,-0.009944,0.015977
2024-03-14,0.01024,0.014725,-0.000654
2024-03-15,-0.007991,-0.011556,0.006633
2024-03-18,-0.020911,-0.016967,-0.011802
2024-03-19,0.035464,0.014602,0.025942
2024-03-20,-0.001798,-0.009574,0.005666
2024-03-21,-0.006727,0.00207,-0.002318
2024-03-22,0.008532,0.009149,0.024133
2024-03-25,0.000622,-0.003409,-0.00269
2024-03-26,-0.005778,-0.019196,0.002321
2024-03-27,-0.003635,-0.007523,0.001603
2024-03-28,-0.004654,-0.001921,0.013015
2024-04-01,-0.004789,0.00408,-0.002366
2024-04-02,0.025689,0.02736,0.00104
2024-04-03,0.002645,0.002981,0.00104
2024-04-04,-0.011974,0.007797,-0.015493
2024-04-05,0.001609,-0.009494,0.004866
2024-04-08,-0.018882,-0.013394,-0.017451
2024-04-09,0.000647,0.005297,0.000101
2024-04-10,-0.01477,-0.004834,-0.00065
2024-04-11,0.000211,-0.00238,-0.005907
2024-04-12,-0.011137,0.009853,-0.018776
2024-04-15,0.004854,-0.000121,0.00506
2024-04-16,-0.014286,-0.005503,-0.002357
2024-04-17,-0.001961,0.009003,0.000999
2024-04-18,0.004148,0.010448,-0.000251
2024-04-19,0.036971,4.8e-05,0.035875
2024-04-22,0.002199,-0.009392,0.008679
2024-04-23,0.002732,0.000692,-8.4e-05
2024-04-24,-0.013948,-0.009416,-0.00499
2024-04-25,-0.001671,-0.014653,0.008651
2024-04-26,-0.005751,-0.01712,-0.000557
2024-04-29,0.006667,0.005429,-0.007035
2024-04-30,-0.010842,0.021208,-0.033348
2024-05-01,0.004384,-0.002131,0.000642
2024-05-02,0.007388,0.00901,0.002664
2024-05-03,-0.002867,-0.002303,-0.000437
2024-05-06,-0.003564,-0.007748,0.001103
2024-05-07,0.001687,0.003247,0.002986
2024-05-08,-0.025398,-0.015727,-0.024203
2024-05-09,0.014681,0.004757,0.015292
2024-05-10,-0.006067,-0.001072,0.000601
2024-05-13,0.008758,0.005566,0.008274
2024-05-14,-0.009318,-0.003541,-0.003525
2024-05-15,0.005958,0.004007,0.004468
2024-05-16,-0.00828,0.02615,-0.017062
2024-05-17,-0.007553,0.012884,-0.014194
2024-05-20,0.004476,-0.00494,0.003866
2024-05-21,-0.005279,0.005313,0.003412
2024-05-22,-0.00264,-0.008677,0.009156
2024-05-23,0.010483,0.000174,-0.005896
2024-05-24,-0.009226,0.013989,-0.012724
2024-05-28,0.012985,0.004241,0.008685
2024-05-29,0.015755,-0.00162,0.014257
2024-05-30,-0.004032,-0.032688,0.007082
2024-05-31,0.005003,0.00183,0.020856
2024-06-03,0.014591,0.018206,0.017849
2024-06-04,-0.006549,-0.007027,0.001772
2024-06-05,0.001033,-0.011215,0.021435
2024-06-06,-0.029288,-0.026695,-0.016644
2024-06-07,-0.001377,-0.005508,-0.001094
2024-06-10,-0.013034,0.012767,-0.021735
2024-06-11,0.01389,-0.002921,0.018835
2024-06-12,0.014362,0.007821,0.002484
2024-06-13,0.014889,0.014337,0.011537
2024-06-14,-0.003541,0.004279,-0.010085
2024-06-17,-0.007117,-0.002822,-0.006132
2024-06-18,0.001676,-0.013989,0.019434
2024-06-20,0.000806,0.001547,-0.001073
2024-06-21,-0.022298,-0.002066,-0.022359
2024-06-24,-0.003196,0.001498,0.003754
2024-06-25,0.009816,0.015068,0.00232
2024-06-26,0.008377,0.004643,0.002846
2024-06-27,-0.001089,0.020454,-0.023143
2024-06-28,-1.5e-05,0.020348,-0.016755
2024-07-01,0.000786,0.009862,-0.011063
2024-07-02,0.007985,-0.000871,0.004902
2024-07-03,0.025643,0.043878,-0.012953
2024-07-05,0.003702,-0.006217,0.013466
2024-07-08,0.001705,0.001357,0.004369
2024-07-09,0.011037,0.011212,-0.00725
2024-07-10,0.020228,0.004489,-0.005047
2024-07-11,-0.000784,-0.005393,-1.2e-05
2024-07-12,-0.002756,-0.01714,-0.003136
2024-07-15,0.015443,0.02085,-0.01346
2024-07-16,0.003554,-0.011372,-0.008376
2024-07-17,-0.002203,-0.002061,0.009963
2024-07-18,-0.004452,0.00061,-0.002173
2024-07-19,-0.005112,0.001107,0.000385
2024-07-22,0.000729,0.000273,-0.003925
2024-07-23,-0.004162,-0.01226,-0.014969
2024-07-24,-0.012312,-0.005419,-0.027286
2024-07-25,0.009707,0.030309,-0.012349
2024-07-26,-0.007217,-0.009124,0.001548
2024-07-29,-0.022662,-0.015607,-0.018611
2024-07-30,0.031942,-0.007204,0.040649
2024-07-31,-0.022931,-0.005959,-0.024116
2024-08-01,-0.019232,0.006508,-0.030963
2024-08-02,-0.004497,0.018337,-0.027531
2024-08-05,0.005364,-0.00053,0.023583
2024-08-06,-0.019306,-0.005405,-0.023306
2024-08-07,-0.010044,-0.026522,0.027329
2024-08-08,0.005535,0.009483,6.8e-05
2024-08-09,-0.001364,0.010041,-0.012946
2024-08-12,0.015089,-0.00787,0.033585
2024-08-13,-0.006387,0.009537,-0.012726
2024-08-14,-0.011927,-0.016545,0.002201
2024-08-15,0.011309,-0.005176,0.02051
2024-08-16,-0.001752,0.007642,-0.011034
2024-08-19,0.020725,0.01825,0.011766
2024-08-20,0.006143,0.005903,0.007178
2024-08-21,0.005495,-0.019015,0.019012
2024-08-22,-0.001776,0.006436,-0.001841
2024-08-23,-0.001963,-0.012186,0.001056
2024-08-26,0.008338,0.005328,0.002267
2024-08-27,-0.002734,-0.011746,0.001817
2024-08-28,-0.009112,-0.011053,-0.002605
2024-08-29,0.002547,0.009938,0.008924
2024-08-30,0.008121,0.015589,-0.010206
2024-09-03,0.01356,0.01759,0.003517
2024-09-04,-0.000713,-0.008608,0.003929
2024-09-05,0.004951,0.021598,-0.019788
2024-09-06,0.014437,-0.008493,0.027801
2024-09-09,0.018032,0.018993,0.017965
2024-09-10,0.000281,-0.007446,0.008424
2024-09-11,0.008435,-0.004176,0.022554
2024-09-12,0.016441,0.008953,0.021497
2024-09-13,-0.013787,-0.012013,-0.010321
2024-09-16,-0.015099,-0.026142,0.001792
2024-09-17,-0.005293,-0.010172,0.005131
2024-09-18,-0.011394,0.002909,-0.022237
2024-09-19,-0.002399,-0.010485,0.007219
2024-09-20,-0.006576,-0.005176,-0.009908
2024-09-23,0.007124,0.023646,-0.017581
2024-09-24,0.010515,0.011946,0.00521
2024-09-25,0.008222,0.018042,0.001851
2024-09-26,-0.029129,-0.03688,-0.019568
2024-09-27,-0.014501,-0.017433,0.004137
2024-09-30,-0.006911,0.001169,0.000925
2024-10-01,0.005496,0.007584,0.003326
2024-10-02,-0.016129,-0.010637,-0.004785
2024-10-03,0.013206,0.009058,0.020845
2024-10-04,0.017559,0.006376,0.002023
2024-10-07,-0.019893,-0.024602,0.016685
2024-10-08,0.001717,0.011732,-0.008606
2024-10-09,-0.001077,0.00068,0.004487
2024-10-10,0.017911,0.005932,0.022136
2024-10-11,0.002095,0.006914,-0.00234
2024-10-14,-0.018237,-0.015488,-0.004539
2024-10-15,0.002406,0.016027,-0.006671
2024-10-16,0.000951,0.002045,-0.006502
2024-10-17,-0.034595,-0.019144,-0.036447
2024-10-18,-0.012016,-0.011182,-0.000682
2024-10-21,-0.003641,-0.003467,-0.002927
2024-10-22,0.005927,-0.009579,0.014262
2024-10-23,0.00895,-0.000956,0.005333
2024-10-24,-0.005028,-0.01904,0.01383
2024-10-25,0.005742,0.041457,-0.009277
2024-10-28,-0.012089,0.0111,-0.014367
2024-10-29,0.02129,0.000348,0.024887
2024-10-30,0.006841,-0.009219,0.014171
2024-10-31,0.003156,-0.002611,0.004002
2024-11-01,-0.00267,-0.001401,-0.000978
2024-11-04,0.005957,0.007671,0.005179
2024-11-05,0.107519,0.060248,0.082516
2024-11-06,-0.024343,-0.030603,0.004868
2024-11-07,0.014254,0.01709,0.001102
2024-11-08,0.048019,0.05606,0.002955
2024-11-11,0.005245,0.011494,-0.027104
2024-11-12,0.005696,0.001215,-0.001421
2024-11-13,-0.007704,-0.017459,0.028872
2024-11-14,-0.002589,0.006739,-0.022061
2024-11-15,-0.006951,-0.015423,0.00077
2024-11-18,-0.005372,-0.001627,-0.006332
2024-11-19,0.006574,0.008185,-0.010808
2024-11-20,0.006008,0.015396,-0.00165
2024-11-21,0.01161,0.001344,0.016392
2024-11-22,0.014333,-0.002781,0.022056
2024-11-25,-0.013478,-0.018717,0.007255
2024-11-26,0.001033,-0.018217,0.012485
2024-11-27,-0.006703,-0.009426,-0.002318
2024-11-29,0.017703,-0.006629,0.02838
2024-12-02,-0.007793,-0.010635,0.002665
2024-12-03,0.001907,0.010484,-0.008478
2024-12-04,-0.009716,-0.010317,0.006006
2024-12-05,-0.002078,0.019759,-0.009983
2024-12-06,-0.002113,-0.026186,0.013631
2024-12-09,-0.009617,0.001262,0.002206
2024-12-10,-0.010492,0.0016,-0.018113
2024-12-11,-0.010709,-0.018372,0.017929
2024-12-12,0.003186,0.010136,-0.002909
2024-12-13,0.006643,0.042096,-0.014855
2024-12-16,-0.002328,0.0148,-0.01695
2024-12-17,-0.011514,-0.01525,-0.017427
2024-12-18,-0.017073,-0.013555,-0.008077
2024-12-19,-0.003027,0.009258,-0.006298
2024-12-20,0.027012,0.024797,0.018762
2024-12-23,-0.017737,-0.008866,-0.020396
2024-12-24,0.012282,-0.00159,0.018342
2024-12-26,-0.004528,0.005646,-0.00895
2024-12-27,0.005003,0.005033,-0.030025
2024-12-30,-0.000467,-0.015921,0.00808
2024-12-31,-0.015351,-0.019726,-0.006936
2025-01-02,0.019479,-0.017701,0.037878
2025-01-03,0.005849,0.002278,-0.009767
2025-01-06,-0.013322,-5.7e-05,-0.00868
2025-01-07,-0.008827,-0.022793,0.004727
2025-01-08,0.001967,0.029757,-0.02905
2025-01-10,0.024031,0.010519,0.015294
2025-01-13,0.005446,-0.006038,0.004357
2025-01-14,0.010867,0.014614,0.007038
2025-01-15,-0.008427,-0.013264,-0.006173
2025-01-16,0.009754,-0.008609,0.026356
2025-01-17,-0.008616,-0.015926,0.01339
2025-01-21,0.003278,0.015125,-0.012943
2025-01-22,-0.004891,-0.009035,0.010937
2025-01-23,-0.005287,-0.008523,0.001661
2025-01-24,-0.001576,-0.017181,0.02755
2025-01-27,0.004516,0.002987,-0.003817
2025-01-28,-0.004046,-0.012284,0.001589
2025-01-29,-0.012912,-0.006833,-0.025685
2025-01-30,-0.001283,0.000206,-0.002063
2025-01-31,-0.019415,-0.015228,0.008801
2025-02-03,0.021933,0.013865,0.020246
2025-02-04,-0.005432,0.00046,-0.002348
2025-02-05,0.010412,0.01379,0.002358
2025-02-06,0.000838,0.00543,0.001346
2025-02-07,0.002168,-0.010663,0.013935
2025-02-10,-0.028191,-0.012325,-0.013301
2025-02-11,0.013339,0.009586,0.015574
2025-02-12,0.011183,0.008474,0.005488
2025-02-13,-0.011626,-0.011702,3.7e-05
2025-02-14,-0.011457,0.015758,-0.011706
2025-02-18,-0.019445,0.002071,-0.010766
2025-02-19,0.016488,0.006994,0.01201
2025-02-20,-0.032808,-0.004285,-0.029038
2025-02-21,-0.006591,-0.017411,-0.011527
2025-02-24,-0.019214,-0.010198,-0.027064
2025-02-25,0.020233,0.006265,0.025272
2025-02-26,-0.023956,-0.01797,-0.025857
2025-02-27,-0.013857,-0.023194,-0.001459
2025-02-28,0.011861,0.039855,-0.007966
2025-03-03,0.00279,-0.008834,0.007898
2025-03-04,0.011575,-0.010021,0.018637
2025-03-05,-0.000813,0.000677,-0.023624
2025-03-06,-0.008096,-0.014555,0.004137
2025-03-07,-0.004381,0.023379,-0.053764
2025-03-10,0.007323,-0.003126,0.024216
2025-03-11,0.008632,0.003133,0.021716
2025-03-12,0.002569,0.0156,-0.017198
2025-03-13,-0.012381,-0.021329,0.005702
2025-03-14,0.008936,0.000675,0.000642
2025-03-17,-0.010507,-0.000527,-0.011772
2025-03-18,-0.018225,-0.023754,0.001377
2025-03-19,0.008324,0.009947,-0.005402
2025-03-20,-0.001365,-0.006571,0.002534
2025-03-21,-0.001897,-0.019103,0.00189
2025-03-24,-0.004607,0.005134,-0.014732
2025-03-25,0.003104,-0.016251,0.006432
2025-03-26,0.014438,0.010357,0.010771
2025-03-27,-0.004348,-0.009514,0.014591
2025-03-28,0.002814,0.01568,-0.018576
2025-03-31,0.001808,-0.011596,0.008033
2025-04-01,-0.001062,-0.000724,0.00786
2025-04-02,0.048076,0.02155,0.049657
2025-04-03,0.037389,0.030388,0.006733
2025-04-04,-0.009366,-0.016972,0.031719
2025-04-07,0.012322,0.025777,-0.002459
2025-04-08,-0.02924,-0.059155,0.067228
2025-04-09,0.064559,0.058893,0.006082
2025-04-10,-0.001016,-0.008802,0.005523
2025-04-11,0.005274,0.016485,0.001926
2025-04-14,0.000941,0.006236,0.000578
2025-04-15,-0.016163,0.002304,-0.008881
2025-04-16,-0.01077,-0.028045,0.018618
2025-04-17,-0.001909,0.023468,-0.02575
2025-04-21,-0.017791,-0.031922,0.002997
2025-04-22,0.016731,0.004268,0.010022
2025-04-23,0.012975,0.01628,-0.005138
2025-04-24,-0.009154,-0.017526,-0.004404
2025-04-25,0.006612,-0.007726,0.013724
2025-04-28,0.000282,0.002328,-0.00423
2025-04-29,0.019505,0.007354,0.013923
2025-04-30,-0.02242,-0.016602,-0.032113
2025-05-01,0.002854,0.011681,-0.010616
2025-05-02,0.009021,0.004013,0.02106
2025-05-05,-0.026639,-0.041108,0.020049
2025-05-06,0.004427,0.010573,-0.008342
2025-05-07,-0.019666,-0.009297,-0.013793
2025-05-08,-0.014009,-0.001637,-0.018275
2025-05-09,0.059875,0.030367,0.051343
2025-05-12,0.016782,0.016993,-0.009183
2025-05-13,0.012958,0.01681,-0.012762
2025-05-14,-0.020865,-0.025568,0.004415
2025-05-15,0.008149,0.005081,0.009478
2025-05-16,-0.007472,-0.004279,-0.0061
2025-05-19,-0.020833,-0.026088,-0.002735
2025-05-20,-0.012045,-0.004747,-0.024039
2025-05-21,0.002196,-0.00602,0.02489
2025-05-22,-0.021119,-0.024402,0.001154
2025-05-23,0.020758,0.013471,0.00603
2025-05-27,-0.008608,0.008314,-0.004517
2025-05-28,-0.005973,-0.014975,0.004305
2025-05-29,-0.006923,5.6e-05,-0.004871
2025-05-30,-0.027179,-0.003416,-0.021509
2025-06-02,0.017388,0.002548,0.017318
2025-06-03,-0.011661,-0.009249,-0.008041
2025-06-04,-0.014527,0.000197,-0.014374
2025-06-05,0.032457,0.003254,0.026485
2025-06-06,-0.002268,0.003107,-0.002851
2025-06-09,0.009011,0.013896,0.005195
2025-06-10,0.006256,0.011258,-0.008035
2025-06-11,-0.009934,-0.011574,-0.010892
2025-06-12,-0.004116,0.016909,-0.029808
2025-06-13,0.00892,0.002197,0.018671
2025-06-16,-0.003898,-0.022916,-0.004192
2025-06-17,-0.00429,-0.00216,0.00288
2025-06-18,-0.005317,-0.012759,0.001722
2025-06-20,0.021807,-0.027152,0.03052
2025-06-23,0.002968,-0.001826,0.023828
2025-06-24,-0.001087,-0.002455,0.008585
2025-06-25,-0.013504,0.001151,-0.008808
2025-06-26,-0.012325,-0.014645,0.00622
2025-06-27,0.028634,0.01599,0.024489
2025-06-30,-0.003275,-0.019801,-0.002741
2025-07-01,-0.014257,-0.012749,-0.003944
2025-07-02,0.003076,0.009747,-0.009871
2025-07-03,0.010158,-0.006454,0.011149
2025-07-07,-0.033178,-0.029566,-0.026851
2025-07-08,0.024872,0.032389,0.004868
2025-07-09,-0.006495,-0.001821,-0.000678
2025-07-10,0.002767,-0.025645,0.008829
2025-07-11,0.003877,-0.014998,0.005516
2025-07-14,0.002046,0.004042,0.021735
2025-07-15,-0.002918,-0.00713,0.005565
2025-07-16,0.000418,0.010038,-0.006249
2025-07-17,-0.000841,0.005875,-0.009552
2025-07-18,0.032154,0.003391,0.039428
2025-07-21,0.021787,0.005062,0.00385
2025-07-22,-0.001241,-0.010894,0.012983
2025-07-23,0.000327,-0.004919,0.005186
2025-07-24,-0.004707,-0.00783,-0.002266
2025-07-25,-0.010567,-0.021981,0.006797
2025-07-28,-0.0156,-0.019133,0.002331
2025-07-29,-0.007536,0.001156,-0.007136
2025-07-30,-0.008441,-0.007252,0.0061
2025-07-31,-0.001592,-0.00374,0.000305
2025-08-01,0.026067,0.022361,0.011779
2025-08-04,0.009209,0.008624,0.006854
2025-08-05,-0.003246,0.00176,0.003417
2025-08-06,0.019992,0.00612,0.011699
2025-08-07,0.008849,0.010875,0.011961
2025-08-08,0.001849,-0.008604,0.009081
2025-08-11,0.008664,0.004664,0.002287
2025-08-12,-0.003656,-0.001731,-0.013701
2025-08-13,-0.006095,-0.009966,0.009175
2025-08-14,0.018389,0.00601,0.017534
2025-08-15,0.012243,0.012039,0.003911
2025-08-18,0.011066,0.012659,0.018682
2025-08-19,0.004132,-0.005119,0.012056
2025-08-20,-0.007328,-0.015645,0.006469
2025-08-21,-0.000119,-0.000616,-0.017886
2025-08-22,-0.007297,-0.012494,0.001122
2025-08-25,0.011275,0.010855,0.004443
2025-08-26,-0.012375,-0.013683,0.005708
2025-08-27,0.002214,0.00573,0.004661
2025-08-28,0.0047,0.010906,-0.015923
2025-08-29,0.008016,0.01252,-0.00952
2025-09-02,0.006592,0.001463,0.010262
2025-09-03,-0.006795,-0.008878,0.000934
2025-09-04,0.030227,0.015936,0.029158
2025-09-05,0.005361,0.003614,0.002981
2025-09-08,-0.006912,0.000292,0.00752
2025-09-09,0.013484,0.000376,0.002105
2025-09-10,0.014428,0.00225,0.007979
2025-09-11,0.005975,0.005436,0.007842
2025-09-12,0.01703,0.014273,-0.000756
2025-09-15,-0.025244,-0.019871,0.00098
2025-09-16,-4.6e-05,-0.001695,0.002383
2025-09-17,0.003913,0.006338,-0.012806
2025-09-18,0.019213,0.03306,-0.021392
2025-09-19,0.015359,0.030463,-0.017565
2025-09-22,-0.011008,-0.017775,0.005503
2025-09-23,-0.023814,-0.010147,-0.014372
2025-09-24,-0.003985,0.000888,-0.015616
2025-09-25,0.006543,-0.002014,0.004916
2025-09-26,0.005329,-0.002252,0.007488
2025-09-29,0.006909,0.009073,0.007285
2025-09-30,-0.010095,-0.003005,-0.022313
2025-10-01,0.007311,0.011346,-0.00604
2025-10-02,-0.003237,-0.001729,-0.003214
2025-10-03,-0.008421,0.001661,-0.015219
2025-10-06,0.004327,0.005964,-0.002242
2025-10-07,0.00615,0.01123,-0.009654
2025-10-08,0.007746,0.014134,0.00858
2025-10-09,0.018683,0.013738,0.010582
2025-10-10,0.00139,0.009522,-0.024526
2025-10-13,0.003632,0.009759,0.013313
2025-10-14,0.012256,0.021811,-0.012362
2025-10-15,0.021849,0.003754,0.012539
2025-10-16,-0.001057,-0.036597,0.042755
2025-10-17,-0.000407,-0.004177,-0.014786
2025-10-20,-0.028543,-0.066816,0.027301
2025-10-21,-0.003046,-0.015998,0.005498
2025-10-22,-0.012775,-0.020388,0.008091
2025-10-23,-0.002341,-0.00678,0.013352
2025-10-24,-0.009878,0.003317,-0.009506
2025-10-27,0.003953,-0.022685,0.018996
2025-10-28,-0.01994,-0.000316,-0.015219
2025-10-29,0.003651,-0.002342,0.005732
2025-10-30,-0.01033,-0.001694,-0.015213
2025-10-31,-0.017282,0.005417,-0.018654
2025-11-03,0.006697,0.022868,-0.017243
2025-11-04,0.007105,-0.003518,0.026512
2025-11-05,0.009907,0.001434,0.011463
2025-11-06,-0.013125,-0.016152,0.006995
2025-11-07,0.006372,0.007314,-0.000208
2025-11-10,0.015799,0.019484,-0.003642
2025-11-11,0.027166,0.02012,0.018538
2025-11-12,0.008024,0.025757,-0.016255
2025-11-13,0.001612,-0.00369,0.003493
2025-11-14,0.012208,0.017203,0.000135
2025-11-17,-0.006467,0.00737,-0.021138
2025-11-18,0.017287,0.006371,0.008937
2025-11-19,0.002162,0.006288,0.000121
2025-11-20,0.009368,0.009373,0.002666
2025-11-21,-0.001956,-0.018436,0.024252
2025-11-24,0.01451,0.006218,0.00769
2025-11-25,-0.004766,-0.01044,0.001932
2025-11-26,-0.002445,-0.009212,0.003814
2025-11-28,0.015441,0.011932,-0.00576
2025-12-01,-0.00243,-0.010926,0.014261
2025-12-02,-0.007414,-0.003442,-0.008747
2025-12-03,-0.007884,-0.011834,0.003151
2025-12-04,0.007853,0.00834,0.00393
2025-12-05,0.002308,0.001175,0.009492
2025-12-08,-0.007205,0.023543,-0.02433
2025-12-09,0.0098,0.014783,0.000635
2025-12-10,0.016096,0.016697,-0.002563
2025-12-11,0.00463,-0.005773,0.021594
2025-12-12,0.031881,0.030941,0.015064
2025-12-15,-0.002002,0.003767,-0.003413
2025-12-16,-0.00293,-0.005324,0.002815
2025-12-17,0.011011,0.019531,0.003634
2025-12-18,0.003872,-0.005131,0.005067
2025-12-19,0.004705,0.020595,-0.012311
2025-12-22,0.004615,-0.006391,0.0073
2025-12-23,0.017386,0.018032,0.014955
2025-12-24,0.017181,0.01822,-0.015062
2025-12-26,-0.017648,-0.026005,0.012857
2025-12-29,0.011228,0.008837,-0.008579
2025-12-30,-0.007971,-0.01002,0.02157
2025-12-31,0.00097,0.003735,-0.004788
2026-01-02,-0.009811,0.02338,-0.026427
2026-01-05,0.03729,0.036162,0.005592
2026-01-06,0.016126,-0.009947,0.028099
2026-01-07,-0.026667,-0.017546,-0.005156
2026-01-08,0.014258,0.031893,-0.01412
2026-01-09,0.009333,0.011423,0.006732
2026-01-12,-0.002077,0.001757,-0.00024
2026-01-13,-0.013105,0.020984,-0.030835
2026-01-14,0.002558,-0.01098,0.004561
2026-01-15,-0.002163,-0.000112,-0.007911
2026-01-16,-0.043311,-0.032693,-0.002388
2026-01-20,-0.021318,-0.02156,-0.014231
2026-01-21,0.027112,0.020701,0.019858
2026-01-22,0.012967,0.025588,-0.011633
2026-01-23,-0.013218,0.002088,-0.026553
2026-01-26,-0.006587,0.008118,-0.011338
2026-01-27,-0.018651,0.003559,-0.018947
2026-01-28,0.019594,0.017764,0.012658
2026-01-29,0.105586,0.045762,0.080315
2026-01-30,0.004276,-0.0419,0.047652
2026-02-02,-0.034806,-0.003767,-0.058011
2026-02-03,0.000438,0.022856,-0.027594
2026-02-04,0.036156,0.073287,-0.023259
2026-02-05,-0.014666,-0.03315,0.040052
2026-02-06,-0.03244,-0.038236,0.001328
2026-02-09,0.001526,0.005718,-0.006463
2026-02-10,-0.026751,-0.01715,-0.018447
2026-02-11,0.021939,0.033612,-0.019505
2026-02-12,-0.022213,-0.025802,0.001763
2026-02-13,0.021472,0.028319,0.008603
2026-02-17,0.015602,0.011252,0.017328
2026-02-18,0.007636,0.001132,-0.004288
2026-02-19,0.012033,-0.009285,0.017329
2026-02-20,0.018667,0.049895,-0.02935
2026-02-23,0.003211,0.001759,0.011773
2026-02-24,-0.009001,-0.011684,0.035357
2026-02-25,0.013528,0.002257,0.017086
2026-02-26,0.003299,0.036424,-0.014693
2026-02-27,-0.017841,-0.026142,-0.006751
2026-03-02,-0.021745,-0.046645,0.017627
2026-03-03,0.008841,0.006097,0.005341
2026-03-04,-0.016746,-0.000122,-0.02054
2026-03-05,-0.009496,0.045051,-0.038159
2026-03-06,0.004899,-0.016183,0.015655
2026-03-09,0.008114,-0.008684,0.010039
2026-03-10,-0.028917,0.006321,-0.037278
2026-03-11,-0.008607,0.034162,-0.033652
2026-03-12,-0.00662,-0.00056,-0.010753
2026-03-13,0.008031,-0.009722,0.014129
2026-03-16,0.01432,0.019771,-0.00397
2026-03-17,0.031338,0.030931,-0.003777
2026-03-18,0.034802,0.041797,0.000308
2026-03-19,0.035937,0.039419,-0.003709
2026-03-20,-0.017029,-0.029789,0.029262
2026-03-23,0.00626,0.017842,0.002905
2026-03-24,-0.020199,-0.019421,0.004516
2026-03-25,0.032554,0.047781,-0.02638
2026-03-26,-0.02629,-0.022274,0.021739
2026-03-27,0.002777,0.000564,0.00776
2026-03-30,-0.036998,-0.04986,0.029833
2026-03-31,-0.021724,-0.034843,-0.012232
2026-04-01,0.033912,0.023329,0.009178
2026-04-02,0.00941,0.003893,0.011253
2026-04-06,-0.003638,-0.0039,0.00131
2026-04-07,-0.023699,-0.028453,0.029373
2026-04-08,-0.004061,0.016907,-0.02214
2026-04-09,-0.013168,0.001181,-0.018405
2026-04-10,0.01494,-0.000813,0.021861
2026-04-13,-0.027237,0.011146,-0.049042
2026-04-14,0.014455,0.016678,0.005172
2026-04-15,0.008461,0.006212,0.009188
2026-04-16,-0.022499,-0.002933,-0.045273
2026-04-17,0.020182,0.006142,0.015877
2026-04-20,-0.031563,-0.026373,-0.009993
2026-04-21,0.037902,0.019316,0.032449
2026-04-22,-0.016426,-0.009346,0.011364
2026-04-23,0.007227,0.020289,-0.006264
2026-04-24,-0.003359,-0.004584,-0.005061
2026-04-27,-0.033271,-0.021179,-0.013586
2026-04-28,-0.011484,0.015718,-0.038032
2026-04-29,0.012089,0.000596,0.018585
2026-04-30,0.004228,0.005135,0.01372
2026-05-01,-0.011156,0.0125,-0.028309
2026-05-04,0.017203,0.019509,0.019339
2026-05-05,0.054649,0.01575,0.097552
2026-05-06,-0.014617,-0.016269,0.003822
2026-05-07,0.033923,0.033344,0.014376
2026-05-08,0.018906,0.013734,0.008651
2026-05-11,-0.001181,-0.015221,0.012898
2026-05-12,0.013754,0.021924,-0.012621
2026-05-13,-0.015997,-0.022959,0.00521
2026-05-14,-0.043874,-0.033449,-0.033331
2026-05-15,-0.03658,-0.024956,-0.020166
2026-05-18,0.02902,0.013634,0.019742
2026-05-19,-0.022631,-0.046324,0.016767
2026-05-20,-0.004119,-0.016157,0.008944
2026-05-21,0.007373,0.014914,0.001097
2026-05-22,-0.026961,-0.032014,0.003548
2026-05-26,0.011953,0.014241,-0.01186
2026-05-27,-0.011222,-0.005327,-0.016109
2026-05-28,-0.01466,-0.014409,-0.019305
2026-05-29,0.029028,0.047973,-0.009553
2026-06-01,-0.002372,-0.003468,-0.000862
2026-06-02,0.010216,-0.014721,0.027881
2026-06-03,0.020548,-0.008134,0.030744
2026-06-04,0.002,-0.051472,0.064138
2026-06-05,-0.011005,-0.020231,0.00412
2026-06-08,0.009723,0.021981,-0.007032
2026-06-09,-0.023673,0.000488,-0.034475
2026-06-10,0.03524,-0.029324,0.063845
2026-06-11,0.002689,-0.010967,0.025521
2026-06-12,0.015964,-0.027944,0.03891
2026-06-15,0.002461,0.009617,-0.012949
2026-06-16,0.01094,0.014261,0.002004
2026-06-17,0.007091,-0.003212,0.010183
2026-06-18,0.005932,0.00466,-0.000464
2026-06-22,0.000417,-0.026104,0.034131
2026-06-23,0.019841,0.037451,-0.028743
2026-06-24,0.019862,0.008405,0.011843
2026-06-25,0.006583,0.001368,0.006552
2026-06-26,0.007496,0.005082,0.014487
2026-06-29,0.020838,0.012447,0.009786
2026-06-30,-0.008032,-0.002984,0.001554
2026-07-01,0.008224,0.007188,0.012543
2026-07-02,-0.005228,-0.015336,0.012453
2026-07-06,-0.012561,0.012042,-0.036698
2026-07-07,-0.016037,-0.012772,0.010545
2026-07-08,0.011266,-0.009858,0.018527
2026-07-09,-0.011584,-0.015417,0.007692
2026-07-10,-0.029023,0.019724,-0.0241
2026-07-13,-0.005356,-0.018308,0.005308
2026-07-14,-0.010684,-0.013996,-0.010962
2026-07-15,-0.000789,0.031248,-0.02277
2026-07-16,-0.00307,0.005116,-0.01765
2026-07-17,-0.020583,-0.007607,-0.008973
2026-07-20,0.00704,-0.019914,0.010152
2026-07-21,-0.003961,0.008728,-0.012319
