date,r_base,r_rev,r_mom,r_veto
2018-06-01,0.007491,0.00078,0.013488,0.003116
2018-06-04,0.00335,-0.001193,0.006574,-0.003668
2018-06-05,1.3e-05,0.001743,-0.000965,0.000174
2018-06-06,0.006708,0.00739,0.005395,0.006681
2018-06-08,0.005629,-0.00066,0.009903,0.002545
2018-06-11,-0.001414,0.001286,-0.003072,0.000248
2018-06-12,0.006733,0.001932,0.010099,0.005629
2018-06-13,-0.002844,0.007968,-0.009962,0.001089
2018-06-14,0.008206,0.007429,0.008854,0.009001
2018-06-15,0.001644,-0.003187,0.005259,-0.000404
2018-06-18,-0.002167,-0.002889,-0.00164,-0.002254
2018-06-19,0.004018,0.004015,0.004496,0.001971
2018-06-20,-0.000156,-0.003607,0.002404,-0.001366
2018-06-21,0.002634,0.004583,0.001302,0.005134
2018-06-22,-0.005739,0.002002,-0.01083,-0.001689
2018-06-25,0.004036,0.014572,-0.002725,0.006673
2018-06-26,-0.001713,-0.003501,-0.000165,-0.000305
2018-06-27,-0.007455,0.003544,-0.014289,-0.001744
2018-06-28,0.005274,0.001038,0.008364,0.003831
2018-06-29,0.003667,0.004204,0.003111,0.003811
2018-07-02,0.002946,-0.002645,0.006683,0.000362
2018-07-03,0.006252,0.012031,0.002455,0.007911
2018-07-05,0.002821,-0.004837,0.007657,0.00036
2018-07-06,0.000835,-0.002053,0.002879,-0.000196
2018-07-09,-0.011704,-0.013984,-0.010159,-0.014156
2018-07-10,0.000787,-0.000438,0.001477,0.001157
2018-07-11,0.008762,0.003258,0.012811,0.00611
2018-07-13,-0.002666,-0.002702,-0.001859,-0.003767
2018-07-16,0.000666,0.000489,0.001121,-0.001465
2018-07-17,0.002275,-0.006066,0.006718,0.000416
2018-07-18,-0.001739,0.002681,-0.003175,-0.000976
2018-07-20,0.001075,0.003794,-0.001664,0.003487
2018-07-23,-0.003621,-0.012789,0.003502,-0.005867
2018-07-24,-0.003319,0.008964,-0.012642,0.001866
2018-07-25,-0.000879,-0.001949,-0.000537,0.002381
2018-07-27,0.00452,0.00166,0.005403,0.003719
2018-07-30,-0.001228,0.000227,-0.002044,0.000743
2018-07-31,0.006081,0.011903,0.002781,0.006824
2018-08-01,-0.000593,0.006237,-0.003923,0.001908
2018-08-03,-0.005302,-0.006976,-0.003637,-0.005604
2018-08-06,0.004019,0.005444,0.002743,0.002928
2018-08-07,0.000815,-0.000262,0.00164,0.00117
2018-08-08,-0.001178,-0.00261,0.000296,-0.000782
2018-08-09,-0.00479,0.000178,-0.009379,-0.004094
2018-08-10,0.002665,0.001038,0.004281,0.001375
2018-08-13,-0.000134,-0.004473,0.004163,-0.004333
2018-08-14,0.002849,0.001977,0.003768,0.002726
2018-08-15,-0.007566,-0.014859,-0.000491,-0.014516
2018-08-17,-0.001832,-0.002944,-0.000187,-0.00238
2018-08-20,-0.001265,-0.001431,-0.001873,-0.001104
2018-08-21,0.000667,0.008804,-0.009073,0.003974
2018-08-22,-0.003178,0.005055,-0.013055,0.002789
2018-08-24,0.007084,0.014018,-0.001441,0.011028
2018-08-27,0.000805,0.00501,-0.004354,0.002908
2018-08-28,0.000396,-0.003295,0.004938,0.000884
2018-08-29,0.001114,0.00198,0.00013,0.001438
2018-08-30,-7e-06,-0.005605,0.006879,-0.002956
2018-08-31,-0.000876,-0.004876,0.003972,-0.002712
2018-09-04,-0.001479,-0.01232,0.011796,-0.004832
2018-09-05,-0.004236,-0.00396,-0.004634,-0.002359
2018-09-06,0.004352,0.000841,0.00862,0.005129
2018-09-07,-0.000794,-0.003094,0.001941,-0.002317
2018-09-10,-0.000706,-0.004463,0.003938,-0.001974
2018-09-11,-0.001058,-0.001869,-2.8e-05,-0.003488
2018-09-12,0.004399,0.012921,-0.005992,0.007485
2018-09-14,0.008006,0.007469,0.008615,0.007044
2018-09-17,-0.006424,-0.007111,-0.00212,-0.004313
2018-09-18,0.001735,0.00583,-0.0056,0.005433
2018-09-19,0.007348,0.012615,-0.002855,0.011976
2018-09-20,-0.003629,0.000564,-0.01284,-0.001237
2018-09-21,0.001503,0.001115,0.003061,0.001416
2018-09-24,0.002009,0.008536,-0.014439,0.005712
2018-09-25,0.002453,0.004903,-0.002455,0.004747
2018-09-26,0.001408,-0.002223,0.011169,-0.000756
2018-09-27,0.000738,0.000595,0.000416,-6.1e-05
2018-09-28,-0.003666,-0.004632,-0.002495,-0.004633
2018-10-01,0.002777,0.005581,-0.00422,0.004613
2018-10-02,-0.010367,-0.006079,-0.020941,-0.007887
2018-10-03,0.011437,0.017223,-0.001789,0.014167
2018-10-04,-0.001532,-0.004914,0.005077,-0.004049
2018-10-05,-0.004097,-0.007081,0.0009,-0.007191
2018-10-08,-0.003249,-0.005159,0.000931,-0.004393
2018-10-09,0.002727,0.004645,-0.005653,0.0021
2018-10-10,-0.018966,-0.020641,-0.015445,-0.019216
2018-10-11,-0.00875,-0.004975,-0.008967,-7.9e-05
2018-10-12,0.004368,0.005781,0.002345,0.005083
2018-10-15,-0.005018,-0.004511,-0.004024,-0.003315
2018-10-16,0.00074,0.0003,0.002151,-8.3e-05
2018-10-17,-0.001292,-7e-06,-0.00285,-6.4e-05
2018-10-18,-0.01081,-0.01348,-0.006466,-0.012982
2018-10-19,-0.006818,-0.009841,-0.001307,-0.009664
2018-10-22,0.003829,-0.000206,0.015496,0.00266
2018-10-23,-0.015643,-0.017026,-0.011714,-0.015168
2018-10-24,-0.022559,-0.031596,-0.005033,-0.028385
2018-10-26,0.006988,0.011471,0.000511,0.011594
2018-10-29,-0.000707,-0.010073,0.013073,-0.005751
2018-10-30,-0.002937,0.002892,-0.009335,-0.004256
2018-10-31,0.000547,0.00342,-0.001368,-0.001923
2018-11-01,0.012272,0.017527,0.006686,0.011816
2018-11-02,0.002896,0.006323,0.001249,0.002437
2018-11-05,-0.009794,-0.011031,-0.008449,-0.008352
2018-11-06,0.002251,0.003325,0.001677,0.000894
2018-11-07,0.0035,0.001411,0.006212,0.002372
2018-11-08,0.003699,-0.004167,0.015574,-0.001104
2018-11-09,-0.004606,-0.00905,0.000468,-0.005279
2018-11-12,-0.008228,-0.018733,0.005959,-0.011884
2018-11-13,0.006142,0.001293,0.016754,-0.001844
2018-11-14,-0.013991,-0.018694,-0.0068,-0.014563
2018-11-15,0.0204,0.031393,0.005616,0.025287
2018-11-16,-0.007857,-0.013921,0.001042,-0.009015
2018-11-19,-0.006924,-0.005231,-0.010706,-0.003118
2018-11-20,0.006704,-0.004007,0.022318,-3.8e-05
2018-11-21,-0.003939,0.003073,-0.013478,-0.000751
2018-11-23,0.006885,-0.001672,0.020222,-0.0007
2018-11-26,0.002285,0.005977,-0.001555,0.003171
2018-11-27,-0.001006,-0.008152,0.007551,-0.003784
2018-11-28,0.00037,-0.002201,0.005841,-0.003884
2018-11-30,0.002022,-0.00537,0.005456,-0.003006
2018-12-03,0.000805,0.01802,-0.007219,0.008751
2018-12-04,0.010747,0.005329,0.013292,0.016453
2018-12-06,0.01751,0.000132,0.025566,0.010612
2018-12-07,0.004004,0.005925,0.003112,0.008982
2018-12-10,0.008827,0.00267,0.011699,0.006975
2018-12-11,0.002432,0.006268,0.00064,0.004924
2018-12-12,0.002406,0.015239,-0.003552,0.003669
2018-12-13,0.002921,0.003868,0.00248,0.007121
2018-12-14,0.0102,0.01092,0.009863,0.006839
2018-12-17,0.000996,0.011137,-0.003718,0.002947
2018-12-18,0.008472,-0.005199,0.014858,0.004293
2018-12-19,0.000294,-0.00011,0.000473,-0.000225
2018-12-20,0.011784,0.010968,0.012171,0.012683
2018-12-21,-0.002663,-0.006747,-0.000761,-0.003806
2018-12-24,0.009268,0.020893,0.003893,0.01432
2018-12-26,-0.010235,0.001963,-0.015928,-0.008584
2018-12-27,0.004305,0.001124,0.005797,0.002561
2018-12-28,0.004293,0.004302,0.004271,0.00161
2018-12-31,0.005156,0.01308,0.001443,0.005428
2019-01-02,-0.009423,0.00745,-0.017251,-0.005467
2019-01-03,0.008156,0.008909,0.007785,0.011957
2019-01-04,-0.010887,-0.007225,-0.012581,-0.011571
2019-01-07,0.001608,0.007544,-0.001171,0.002156
2019-01-08,0.000706,-0.001117,0.001546,0.001433
2019-01-09,-0.004204,0.000431,-0.006357,-0.002815
2019-01-10,0.000499,-0.006416,0.0037,-0.002154
2019-01-11,-0.001212,-0.0101,0.00292,-0.00441
2019-01-14,-0.011636,-0.021976,-0.006802,-0.013127
2019-01-15,0.007043,0.009435,0.00591,0.006918
2019-01-16,-0.006661,-0.001625,-0.008999,-0.005483
2019-01-17,-0.004238,-0.004601,-0.00407,-0.0046
2019-01-18,-0.009529,-0.000351,-0.013797,-0.008466
2019-01-22,0.009108,0.004196,0.011372,0.007022
2019-01-23,0.004331,0.004463,0.004273,0.00303
2019-01-25,0.015489,0.01546,0.016173,0.016739
2019-01-28,0.000589,0.002321,-7.8e-05,-0.000408
2019-01-29,-0.004738,0.006465,-0.012532,-0.001364
2019-01-30,0.010047,0.011694,0.008402,0.01084
2019-01-31,0.008593,0.012023,0.005486,0.007088
2019-02-01,-0.004117,-0.002845,-0.005761,-0.003181
2019-02-04,0.00524,0.000634,0.00883,0.003985
2019-02-05,0.006355,0.003398,0.00895,0.005853
2019-02-06,0.002835,-0.005652,0.008718,-0.000194
2019-02-07,-0.007233,-0.006715,-0.006149,-0.009609
2019-02-08,0.000212,0.005321,-0.003682,0.000686
2019-02-11,-0.004357,-0.012493,0.001722,-0.005238
2019-02-12,0.002856,-0.001576,0.005142,0.003075
2019-02-13,-0.00151,-0.003042,-0.00135,-0.001342
2019-02-14,0.006025,0.01066,0.001834,0.006316
2019-02-15,-0.007502,-0.004545,-0.00965,-0.005427
2019-02-19,0.010385,0.013536,0.008637,0.010422
2019-02-20,0.002965,0.008361,-0.001275,0.004724
2019-02-21,-0.001675,-0.006222,0.001981,-0.004262
2019-02-22,0.008825,0.005818,0.010452,0.007857
2019-02-25,0.005355,-0.001391,0.010981,0.005506
2019-02-26,0.002327,0.00526,-3.2e-05,0.002618
2019-02-27,-0.005586,-0.008037,-0.00408,-0.005548
2019-02-28,-0.005752,-0.009172,-0.003503,-0.007416
2019-03-01,-0.004254,-0.013255,0.001526,-0.004809
2019-03-04,-0.000654,0.002744,-0.003358,0.000639
2019-03-05,0.000359,0.00105,0.000223,0.000438
2019-03-06,-0.003205,-0.001084,-0.00486,-0.003158
2019-03-07,-0.005206,0.000733,-0.009632,-0.004769
2019-03-08,0.002715,0.00535,0.001732,0.001792
2019-03-11,0.008001,0.002402,0.011065,0.006664
2019-03-12,0.003204,0.009944,-0.002104,0.005461
2019-03-13,-0.003239,-0.00243,-0.003946,-0.002889
2019-03-14,-0.007764,-0.013897,-0.00302,-0.009383
2019-03-15,0.008386,0.007328,0.008946,0.007103
2019-03-18,-0.001081,-0.001705,-0.001012,0.000309
2019-03-19,0.008441,0.007923,0.008153,0.007969
2019-03-20,0.008255,0.020437,-0.002308,0.011915
2019-03-21,0.002332,0.00419,0.000465,0.002021
2019-03-22,-0.004934,0.004789,-0.012354,-0.005474
2019-03-25,-0.002042,0.006207,-0.0079,-0.000562
2019-03-26,-0.003864,-0.004361,-0.003853,-0.004383
2019-03-27,-0.004934,-0.008473,-0.001871,-0.005364
2019-03-29,0.000281,0.003636,-0.00168,0.001014
2019-04-01,-0.01457,-0.011207,-0.016518,-0.01326
2019-04-02,0.00516,0.008226,0.0034,0.006568
2019-04-03,0.003282,0.009438,-0.000242,0.00431
2019-04-04,-0.005913,-0.009706,-0.003721,-0.010285
2019-04-05,-0.002586,-0.007545,0.000247,-0.004569
2019-04-08,-0.001923,-0.006615,0.00077,-0.002393
2019-04-09,0.007319,0.010118,0.005704,0.008936
2019-04-10,-0.000886,-0.002015,-0.000238,-0.000548
2019-04-11,-0.003441,0.000924,-0.005911,-0.002994
2019-04-12,-0.007113,-0.004973,-0.008334,-0.006985
2019-04-15,0.004085,0.001006,0.00585,0.001648
2019-04-16,-0.012554,-0.008033,-0.015196,-0.011818
2019-04-17,-0.008391,-0.007883,-0.008688,-0.010564
2019-04-22,-0.000137,-0.002608,0.002126,-0.001695
2019-04-23,-0.001944,-0.003205,-0.000961,-0.002083
2019-04-24,-0.000202,0.000329,-0.000693,0.000472
2019-04-25,-0.003656,0.003705,-0.010725,0.001695
2019-04-26,0.000258,0.006789,-0.005541,0.004739
2019-04-29,-0.002946,-0.007742,0.001611,-0.005215
2019-04-30,-0.004584,-0.000994,-0.007848,-0.004162
2019-05-01,0.000307,-0.002649,0.002214,0.000515
2019-05-02,-0.003345,-0.004068,-0.00303,-0.002887
2019-05-03,0.007677,0.007113,0.008169,0.007223
2019-05-06,-0.007162,-0.003374,-0.010053,-0.004583
2019-05-07,0.003357,0.006097,0.001191,0.003077
2019-05-08,-0.005151,-0.005564,-0.004988,-0.003808
2019-05-10,-0.002273,-0.006705,0.000925,-0.003504
2019-05-13,-0.00809,-0.026475,0.003996,-0.013215
2019-05-14,-8.1e-05,0.006968,-0.004656,0.004012
2019-05-15,-0.001376,0.004182,-0.004985,-0.000926
2019-05-17,0.005932,0.004212,0.006606,0.002729
2019-05-20,-0.006433,-0.012134,-0.004015,-0.00668
2019-05-21,0.00031,0.006862,-0.002333,0.00221
2019-05-22,0.012583,0.009518,0.013488,0.00912
2019-05-23,0.014237,0.015333,0.013296,0.010255
2019-05-24,0.002264,0.0022,0.002446,0.003663
2019-05-28,0.001604,0.000601,0.002116,0.001878
2019-05-29,-0.004382,-0.004077,-0.004247,-0.003997
2019-05-30,0.012861,0.019757,0.009675,0.012324
2019-05-31,0.015061,0.019539,0.012801,0.010194
2019-06-03,-0.007419,0.000875,-0.010942,-0.009043
2019-06-04,-0.011592,0.000549,-0.016723,-0.003275
2019-06-05,0.013341,0.017009,0.011122,0.010243
2019-06-06,-0.000841,-0.00614,0.001275,-0.002406
2019-06-07,0.003446,0.007102,0.002183,0.004614
2019-06-10,-0.004132,4.2e-05,-0.00595,-0.000523
2019-06-11,-0.005471,-0.005002,-0.00573,-0.00398
2019-06-12,0.010999,0.01664,0.008259,0.008822
2019-06-13,-0.00263,0.000165,-0.003673,0.000201
2019-06-14,0.002831,-0.006011,0.006236,0.000105
2019-06-17,0.007435,0.013516,0.005327,0.007263
2019-06-18,-0.00751,0.000396,-0.010584,-0.004069
2019-06-19,0.004931,0.006301,0.004287,0.003085
2019-06-20,0.004012,0.004905,0.003738,0.002977
2019-06-21,-0.000983,-0.000363,-0.001095,-0.000167
2019-06-24,0.005857,-0.003018,0.00963,0.001665
2019-06-25,-0.007072,-0.002888,-0.008711,-0.006318
2019-06-26,-0.010882,-0.006559,-0.012254,-0.006494
2019-06-27,-0.00015,-0.002711,0.000897,4.7e-05
2019-06-28,-0.00117,0.006092,-0.004222,0.001256
2019-07-01,-0.006151,-0.005147,-0.006566,-0.000866
2019-07-02,0.018912,0.021006,0.017546,0.014339
2019-07-03,0.000798,-0.001113,0.001676,-0.000528
2019-07-05,-0.011144,-0.022052,-0.006249,-0.011953
2019-07-08,0.003402,-0.003918,0.006257,0.002278
2019-07-09,0.0063,0.002881,0.007995,0.003839
2019-07-10,0.003842,-0.003222,0.007175,0.002027
2019-07-11,-0.002307,0.004373,-0.005454,0.00137
2019-07-12,-0.005777,-0.004696,-0.006354,-0.006026
2019-07-15,0.007581,0.012084,0.005558,0.007522
2019-07-16,0.001252,0.015684,-0.005061,0.004073
2019-07-17,0.016407,0.018359,0.015689,0.014813
2019-07-19,0.002643,0.011578,-0.004543,0.005524
2019-07-22,0.006095,-0.00011,0.010771,0.003528
2019-07-23,-0.003545,0.000145,-0.006587,-0.000376
2019-07-24,0.007809,0.004673,0.009487,0.003565
2019-07-25,-0.006363,-0.007899,-0.004881,-0.006093
2019-07-26,0.001543,0.000758,0.001941,0.001021
2019-07-29,0.001315,-0.000925,0.003133,-7e-06
2019-07-30,-0.00752,-0.001458,-0.013542,-0.004478
2019-07-31,-0.008369,0.004322,-0.016768,9.6e-05
2019-08-01,0.012112,-0.001056,0.022979,0.005116
2019-08-02,-0.010586,-0.00862,-0.012097,-0.008898
2019-08-05,-0.002107,-0.009529,0.002674,-0.010106
2019-08-06,0.002687,-5.9e-05,0.006133,0.001766
2019-08-07,0.011403,0.013238,0.010591,0.010891
2019-08-09,0.004242,0.001348,0.005401,0.00153
2019-08-12,0.005228,-0.003112,0.008964,-0.000505
2019-08-13,-0.007494,0.003564,-0.012259,0.002643
2019-08-14,0.014213,-0.002373,0.021357,-0.001561
2019-08-15,0.007335,-0.002612,0.011362,-0.001777
2019-08-16,-0.009081,-0.000438,-0.012919,0.000629
2019-08-19,-0.008755,-0.000978,-0.01184,0.000933
2019-08-20,0.010299,0.006098,0.012241,0.004475
2019-08-21,0.002544,0.006067,0.000864,0.004461
2019-08-22,0.000407,-0.000575,0.000756,-0.003815
2019-08-23,0.018187,0.003,0.02482,0.001063
2019-08-26,-0.001652,-0.003904,-0.000743,-0.003385
2019-08-27,0.010108,0.00465,0.012633,0.004884
2019-08-28,-0.010477,-0.005649,-0.012025,-0.006842
2019-08-29,-0.010234,0.00368,-0.016108,-0.001193
2019-08-30,0.001297,-0.001886,0.002475,-0.001022
2019-09-03,0.013182,0.000347,0.018711,-0.002983
2019-09-04,-0.0043,0.004213,-0.007695,0.000286
2019-09-05,-0.019756,0.010223,-0.032675,0.002193
2019-09-06,-0.005142,0.000455,-0.007706,-0.001621
2019-09-09,-0.026337,-0.007477,-0.033481,-0.015477
2019-09-10,-0.011616,-0.006872,-0.013203,-0.005385
2019-09-11,0.00082,-0.005032,0.003122,0.000973
2019-09-12,0.003108,0.00399,0.002433,0.002309
2019-09-13,-0.016122,-0.007066,-0.019967,-0.009275
2019-09-16,-0.00895,-0.000236,-0.011574,0.001917
2019-09-17,0.016616,-0.000178,0.023178,0.002102
2019-09-18,0.000598,-0.003368,0.00194,-0.000523
2019-09-20,-0.007804,-0.004193,-0.00983,-0.006524
2019-09-23,-0.003006,-0.000686,-0.004528,0.00132
2019-09-24,-0.013318,-0.002565,-0.019276,-0.004328
2019-09-25,0.012944,0.005732,0.01719,0.008718
2019-09-26,-0.004156,0.009099,-0.011321,0.002634
2019-09-27,0.002502,-0.003233,0.005264,-0.000495
2019-09-30,0.000456,0.004955,-0.001578,0.001198
2019-10-01,-0.010231,0.000114,-0.015892,-0.001728
2019-10-02,-0.011666,-0.00653,-0.014545,-0.006955
2019-10-04,0.002876,0.000784,0.004437,0.001783
2019-10-07,-0.000183,0.000797,-0.000941,-0.002035
2019-10-08,-0.001116,-0.006606,0.002905,-0.006184
2019-10-09,0.003059,0.00171,0.004051,0.001565
2019-10-10,0.001525,0.009234,-0.004185,0.0057
2019-10-11,0.000905,0.012741,-0.007832,0.006776
2019-10-14,0.003154,0.002671,0.003523,0.002297
2019-10-15,0.004146,0.008555,0.000887,0.006937
2019-10-16,0.001916,-0.002061,0.004801,-0.001506
2019-10-17,-0.0018,-0.003491,-0.000571,-0.002074
2019-10-18,-0.001101,-0.007543,0.003596,-0.003229
2019-10-21,0.001015,0.005753,-0.002502,0.002687
2019-10-22,-0.001121,0.002937,-0.004163,0.002504
2019-10-23,-0.002362,0.001398,-0.005082,0.000753
2019-10-25,0.01178,0.008546,0.012987,0.010621
2019-10-28,0.004957,-0.007573,0.00968,0.002331
2019-10-29,-0.002883,-0.001929,-0.003255,-0.003729
2019-10-30,-0.012481,-0.009342,-0.013708,-0.011344
2019-10-31,-0.011896,-0.000899,-0.016043,-0.005257
2019-11-01,0.015376,-0.008414,0.024395,0.009694
2019-11-04,0.022935,0.012191,0.026995,0.017138
2019-11-05,0.010707,0.0013,0.014255,0.008493
2019-11-06,-0.007268,-0.001357,-0.009504,-0.004534
2019-11-07,0.014804,0.010434,0.016451,0.013924
2019-11-08,0.002752,-0.001883,0.004473,0.00222
2019-11-11,-0.00309,-0.001638,-0.003603,-0.002462
2019-11-12,-0.002805,-0.002723,-0.002849,-0.000649
2019-11-13,-0.009626,-0.005085,-0.011368,-0.007655
2019-11-14,-0.00343,-0.000143,-0.004663,-0.002902
2019-11-15,0.002729,0.003099,0.002578,0.002061
2019-11-18,-0.0061,-0.000688,-0.008116,-0.003382
2019-11-19,-0.005543,-0.002626,-0.006653,-0.005697
2019-11-20,-0.002402,-0.002182,-0.002504,-0.000913
2019-11-21,0.006523,0.000554,0.008772,0.003071
2019-11-22,0.004492,-0.000674,0.006418,0.000909
2019-11-25,0.010433,0.003274,0.013126,0.008195
2019-11-26,-0.009125,-0.005865,-0.010332,-0.005966
2019-11-27,0.003019,0.004197,0.002573,0.002881
2019-11-29,0.006026,0.009674,0.003661,0.002461
2019-12-02,-0.002587,-0.003713,-0.002592,-0.001549
2019-12-03,0.003199,0.007154,0.000635,0.005645
2019-12-04,-0.00443,-0.010177,-0.001842,-0.004236
2019-12-05,0.001361,0.002879,0.000368,0.000654
2019-12-06,-0.002935,-0.01168,0.002212,-0.003598
2019-12-09,4.2e-05,0.001996,-0.000818,-0.000666
2019-12-10,0.001081,0.001544,0.000291,0.002909
2019-12-11,0.012614,0.014945,0.010988,0.013651
2019-12-12,0.000533,-2.4e-05,0.001128,0.005014
2019-12-13,0.004423,-0.000446,0.006371,0.001526
2019-12-16,-0.000517,-0.004759,0.002293,0.000442
2019-12-17,-0.001635,-0.003611,-0.000812,-0.002717
2019-12-18,0.00262,0.002243,0.002845,0.001588
2019-12-19,-0.001123,-0.00187,-0.000561,-0.000213
2019-12-20,-0.001732,-0.001598,-0.001824,-0.001984
2019-12-23,0.006778,0.004051,0.007152,0.007467
2019-12-24,0.004697,0.008989,0.001839,0.00466
2019-12-26,0.003551,0.005363,0.002876,0.004789
2019-12-27,-0.000183,-0.00276,0.001012,-0.001308
2019-12-30,0.001455,0.004028,-3.8e-05,-0.000472
2019-12-31,-0.001097,-0.000753,-0.000855,-0.001135
2020-01-02,0.01641,0.005911,0.021516,0.01454
2020-01-03,-0.006021,-0.005342,-0.006468,-0.00632
2020-01-06,0.000266,-0.002926,0.002012,0.000331
2020-01-07,0.007576,0.010175,0.005899,0.009733
2020-01-08,0.000695,-0.005572,0.005164,-0.003106
2020-01-09,-0.000459,-0.004182,0.002049,-0.001304
2020-01-10,0.00212,0.006252,-9.4e-05,0.003536
2020-01-13,0.007447,0.002847,0.011215,0.004344
2020-01-14,-6.8e-05,-0.001686,0.000168,-0.000748
2020-01-15,-4.5e-05,0.001129,-0.001295,-0.002366
2020-01-16,0.000278,-0.002864,0.001915,-0.002021
2020-01-17,0.002886,-0.000327,0.004416,0.000968
2020-01-21,0.004646,0.003338,0.004559,0.00045
2020-01-22,0.002875,0.005196,0.001456,0.002791
2020-01-24,0.009946,0.00669,0.009767,0.005489
2020-01-27,0.010789,0.00866,0.010785,0.005093
2020-01-28,-0.003941,-0.017192,0.000329,-0.007936
2020-01-29,0.005705,0.011305,0.003843,0.005453
2020-01-30,-0.000526,-0.004591,0.000155,-0.001658
2020-01-31,0.009048,0.013636,0.006648,0.011778
2020-02-03,0.002164,-0.018984,0.007303,-0.004691
2020-02-04,-0.007678,-0.013554,-0.005731,-0.005815
2020-02-05,-0.018055,0.004363,-0.022744,-0.013617
2020-02-06,0.011272,0.007811,0.011381,0.011451
2020-02-07,0.005727,0.000498,0.006865,0.001313
2020-02-10,0.010545,-0.000417,0.012461,0.004541
2020-02-11,-0.004766,-0.010073,-0.003338,-0.006184
2020-02-12,-0.006988,-0.010755,-0.005841,-0.005897
2020-02-13,0.005589,0.000288,0.006909,0.003262
2020-02-14,0.008962,0.002252,0.010258,0.006128
2020-02-18,0.007444,0.008251,0.006047,0.010409
2020-02-19,-0.004196,-0.00984,-0.004214,0.003149
2020-02-20,-0.002031,-0.007575,-0.000723,-0.008312
2020-02-21,0.009292,0.014805,0.00696,0.006147
2020-02-24,0.015711,0.011396,0.014965,0.010686
2020-02-25,0.007395,-0.003787,0.009143,0.006283
2020-02-26,0.011196,0.011677,0.010146,0.012004
2020-02-27,0.00508,0.012533,0.002401,0.004629
2020-02-28,-0.006874,-0.015024,-0.003721,-0.002728
2020-03-02,0.002365,-0.009421,0.00636,-0.000191
2020-03-03,0.016845,0.015519,0.014569,0.013117
2020-03-04,0.00712,-0.017975,0.013918,-0.007718
2020-03-05,0.021853,0.018059,0.019188,0.025476
2020-03-06,0.014369,0.004215,0.015405,-0.003717
2020-03-09,0.054068,0.025269,0.055753,0.020979
2020-03-10,-0.020622,-0.014125,-0.017968,-0.013062
2020-03-11,0.009924,0.018792,0.006156,0.012232
2020-03-12,0.00603,0.019636,0.002678,0.020138
2020-03-13,-0.050072,-0.068848,-0.036185,-0.058419
2020-03-16,0.022957,0.067131,0.007318,0.059614
2020-03-17,0.009035,-0.037253,0.017921,0.00338
2020-03-18,0.027147,0.031758,0.023468,0.020595
2020-03-20,0.003997,0.018501,-0.002614,0.010909
2020-03-23,0.006342,-0.008119,0.015788,0.000785
2020-03-24,0.007024,0.064132,-0.02322,0.039242
2020-03-25,0.001579,0.0567,-0.025673,0.019212
2020-03-26,0.012399,-0.000333,0.019111,0.001234
2020-03-27,0.003363,-0.017118,0.014703,-0.014945
2020-03-30,0.00847,-0.037289,0.031522,-0.013289
2020-03-31,-0.005043,0.004578,-0.009816,0.00279
2020-04-01,0.001527,-0.015269,0.010517,-0.007764
2020-04-03,-0.00914,-0.002579,-0.013806,0.002811
2020-04-06,0.008958,0.021013,0.001093,0.011018
2020-04-07,-0.018093,-0.011311,-0.022674,-0.017578
2020-04-08,-0.006189,0.01461,-0.020071,0.005972
2020-04-09,0.005712,0.006303,0.005288,-0.000702
2020-04-13,0.011971,-0.015766,0.030614,-0.002098
2020-04-14,0.018955,0.013963,0.022507,0.01287
2020-04-15,0.016546,0.013048,0.018779,0.013384
2020-04-17,-0.025096,-0.029219,-0.023566,-0.012574
2020-04-20,0.009912,0.002271,0.012546,-0.001375
2020-04-21,0.003006,-0.007362,0.007292,-0.009429
2020-04-22,0.025906,0.005734,0.032752,0.013037
2020-04-23,0.001542,0.000649,0.001804,0.006938
2020-04-24,0.001894,-0.005262,0.00423,0.001655
2020-04-27,0.001556,0.000624,0.002208,0.003897
2020-04-28,-0.009754,0.011343,-0.016925,-0.003947
2020-04-29,0.007553,-0.002392,0.011076,0.01597
2020-04-30,-0.008352,-0.01728,-0.005278,-0.010371
2020-05-01,0.006624,0.013987,0.0041,-0.000144
2020-05-04,0.005374,-0.001069,0.007393,0.00331
2020-05-05,0.003913,0.005176,0.003279,0.004011
2020-05-06,0.023011,0.009872,0.027379,0.024622
2020-05-07,0.009541,-0.00133,0.013219,0.011069
2020-05-08,-0.005558,0.003972,-0.008623,0.003614
2020-05-11,0.007524,0.00036,0.009951,0.003342
2020-05-12,0.007866,0.008156,0.007763,0.005959
2020-05-13,0.013338,0.013328,0.013383,0.006919
2020-05-14,-0.003066,-0.000143,-0.004314,-0.002276
2020-05-15,0.009983,0.008038,0.010885,0.005467
2020-05-18,-0.021059,-0.00887,-0.02504,-0.005894
2020-05-19,0.018169,0.013079,0.019899,0.011724
2020-05-20,-0.000731,0.001403,-0.001659,0.00759
2020-05-21,-0.011405,-0.009803,-0.011961,-0.006443
2020-05-22,9.2e-05,-0.006317,0.002575,-0.004817
2020-05-26,-0.021039,-0.006564,-0.025999,-0.006292
2020-05-27,-0.013053,0.001995,-0.018117,-0.00371
2020-05-28,0.005394,0.006351,0.00532,-0.000457
2020-05-29,0.016007,0.008716,0.018251,0.012287
2020-06-01,0.010419,0.006149,0.012036,0.01227
2020-06-02,-0.008339,-0.008699,-0.008246,-0.003121
2020-06-03,-0.012959,-0.006357,-0.01537,-0.003655
2020-06-04,-0.01239,0.005734,-0.018977,-0.00853
2020-06-05,-0.020253,-0.03118,-0.016103,-0.011595
2020-06-08,-0.012469,-0.019787,-0.009486,-0.013803
2020-06-09,0.015391,0.012681,0.015831,0.012848
2020-06-10,0.034496,0.026385,0.037042,0.022538
2020-06-11,0.004468,0.001255,0.005607,-0.005107
2020-06-12,-0.004903,-0.009762,-0.003216,0.000194
2020-06-15,0.005596,-0.004515,0.008969,0.006952
2020-06-16,-0.004044,-0.000769,-0.005163,0.002967
2020-06-17,0.009519,0.005957,0.010561,0.003695
2020-06-18,-0.002611,-0.0037,-0.0025,0.000683
2020-06-19,0.009607,0.010484,0.0091,0.006637
2020-06-22,0.015961,0.009056,0.018121,0.012889
2020-06-23,0.010408,0.004563,0.012342,0.009943
2020-06-24,0.010786,0.00942,0.011015,0.00721
2020-06-25,0.001214,0.002998,0.000587,0.008854
2020-06-26,0.008226,0.006355,0.009012,0.001401
2020-06-29,-0.011708,0.00088,-0.016158,-0.009464
2020-06-30,0.004829,-0.002133,0.00711,0.002796
2020-07-01,0.007289,-0.01691,0.015783,-0.00072
2020-07-02,0.002204,-0.000776,0.003075,0.003746
2020-07-06,0.015361,0.013515,0.015496,0.015211
2020-07-07,0.009586,0.00675,0.010246,0.003004
2020-07-08,0.018762,0.010866,0.021251,0.018545
2020-07-09,0.022094,0.003795,0.028205,0.014502
2020-07-10,-0.014136,0.00554,-0.020982,-0.006354
2020-07-13,-0.010838,0.007881,-0.016971,-0.002911
2020-07-14,0.003095,0.001501,0.003893,0.000536
2020-07-15,-0.011616,-0.006115,-0.013302,-0.005767
2020-07-16,-0.008439,-0.001603,-0.0108,-0.006384
2020-07-17,0.011069,0.005198,0.013282,0.005729
2020-07-20,0.033272,0.016005,0.038841,0.029087
2020-07-21,-0.013034,0.001276,-0.017672,-0.004064
2020-07-22,0.00775,0.017371,0.005023,0.004239
2020-07-23,-0.015655,-0.003034,-0.020069,-0.010464
2020-07-24,-0.002134,0.000401,-0.002991,-0.005509
2020-07-27,0.028697,0.027862,0.029193,0.025021
2020-07-28,-0.013107,-0.012042,-0.013284,-0.017259
2020-07-29,-0.003749,-0.009886,-0.001628,0.000946
2020-07-30,0.006558,-0.008668,0.011625,0.003438
2020-07-31,0.006425,0.003346,0.007336,0.002627
2020-08-03,0.006617,0.012672,0.004133,0.006367
2020-08-04,0.008895,0.011423,0.008187,0.005297
2020-08-05,0.003103,0.012441,-0.0001,0.009198
2020-08-06,0.006895,0.014447,0.004589,0.006605
2020-08-07,-0.02401,-0.011856,-0.028139,-0.016293
2020-08-10,-0.006694,0.009411,-0.0119,-0.000328
2020-08-11,-0.022382,-0.02452,-0.02207,-0.01261
2020-08-12,0.009823,0.001664,0.012649,0.005916
2020-08-13,0.015413,0.022912,0.013027,0.011185
2020-08-14,-0.011418,-0.012992,-0.011094,-0.011687
2020-08-17,0.021211,0.013136,0.024014,0.015112
2020-08-18,0.006549,0.003883,0.007362,0.002145
2020-08-19,-0.004051,-0.004324,-0.004386,0.000766
2020-08-20,0.008496,0.001125,0.011176,0.001406
2020-08-21,-0.002611,-0.009832,-0.000413,-0.004396
2020-08-24,-0.009726,-0.001231,-0.012861,-0.003669
2020-08-25,0.006278,-0.00198,0.00914,0.006936
2020-08-26,0.022822,0.017408,0.02439,0.016747
2020-08-27,-0.019216,-0.022671,-0.017896,-0.019178
2020-08-28,0.008896,0.005904,0.009931,0.006886
2020-08-31,0.014374,0.013638,0.014604,0.011113
2020-09-01,0.013137,0.002842,0.016335,0.015682
2020-09-02,-0.006271,-0.004121,-0.007029,-0.009503
2020-09-03,-0.026926,-0.010576,-0.032226,-0.025181
2020-09-04,-0.009251,0.005527,-0.014154,-0.006905
2020-09-08,-0.002043,0.002397,-0.003127,-0.002852
2020-09-09,0.015081,0.000605,0.0198,0.011283
2020-09-10,0.000205,0.005778,-0.001662,0.00041
2020-09-11,-0.00137,0.005439,-0.003748,0.003298
2020-09-14,0.007705,0.001921,0.009839,0.005055
2020-09-15,0.010237,0.00246,0.01279,0.006564
2020-09-16,-0.00994,-0.009594,-0.009886,-0.003383
2020-09-18,-0.000628,0.001449,-0.007348,0.001751
2020-09-21,-0.008238,0.000808,-0.036957,-0.000314
2020-09-22,-0.001135,-0.003522,0.006708,-0.003662
2020-09-23,-0.005762,-0.001416,-0.020733,-0.001256
2020-09-25,-0.000695,-0.010167,0.009724,-0.003833
2020-09-28,-0.001491,0.002409,-0.005782,0.000614
2020-09-29,0.009076,0.007918,0.010351,0.006689
2020-09-30,-0.001422,-0.005379,0.002931,-0.002468
2020-10-01,0.001426,-0.003542,0.006892,-0.00256
2020-10-02,-0.004296,0.010763,-0.020862,0.00166
2020-10-05,-0.003931,-0.011497,0.004392,-0.007803
2020-10-06,-0.0008,-0.004986,0.003804,-0.001385
2020-10-07,0.003503,-0.000213,0.00759,0.0014
2020-10-08,-0.007122,-0.00202,-0.012735,-0.004677
2020-10-09,0.006362,-0.000488,0.013898,0.002768
2020-10-12,0.001033,-0.003447,0.005961,-0.000412
2020-10-13,-0.004707,-0.014282,0.005825,-0.008805
2020-10-14,0.00297,0.005831,-0.000177,0.005381
2020-10-16,-0.006062,6.2e-05,-0.009375,-0.004232
2020-10-19,0.000389,-0.004642,0.002807,-0.00021
2020-10-20,0.003468,-0.000293,0.005448,0.000869
2020-10-21,-0.000939,0.01573,-0.009172,0.003403
2020-10-22,0.017588,0.008882,0.022135,0.008832
2020-10-23,0.002326,0.004308,0.001342,-0.000101
2020-10-26,-0.015414,-0.01699,-0.014695,-0.013373
2020-10-27,-0.005032,-0.002974,-0.006296,-0.001046
2020-10-28,-0.009879,-0.017639,-0.006398,-0.012144
2020-10-29,0.010486,0.007321,0.012005,0.008562
2020-10-30,-0.003808,-0.0064,-0.001928,-0.005797
2020-11-02,-0.001149,-0.008659,0.003206,-0.006617
2020-11-03,0.0077,0.018183,0.002737,0.009414
2020-11-04,-0.004433,0.013795,-0.014213,0.010036
2020-11-05,0.006918,0.014302,0.003154,0.006947
2020-11-06,-0.00545,0.005002,-0.010735,0.000493
2020-11-09,0.067316,0.039452,0.082229,0.042372
2020-11-10,-0.003016,-0.022448,0.007115,-0.013425
2020-11-11,-0.008498,-0.01298,-0.006811,-0.004502
2020-11-12,-0.00958,-0.000678,-0.014029,-0.003358
2020-11-13,0.010253,0.012804,0.00919,0.006134
2020-11-16,0.030231,0.020501,0.035832,0.021777
2020-11-17,0.007695,0.005213,0.008835,0.005864
2020-11-18,0.005686,0.008133,0.004132,0.006567
2020-11-19,0.009605,0.008882,0.010112,0.007604
2020-11-20,-0.00413,-0.007383,-0.00271,-0.003164
2020-11-23,0.028171,0.002686,0.040891,0.012874
2020-11-24,0.027982,0.012692,0.035556,0.018249
2020-11-25,-0.004799,-0.00184,-0.006616,-0.000421
2020-11-27,-0.000328,0.003868,-0.002673,0.001016
2020-11-30,-0.016839,-0.007789,-0.02188,-0.005857
2020-12-01,0.002304,0.014033,-0.003083,0.003247
2020-12-02,0.014747,0.016059,0.01461,0.012991
2020-12-04,-0.004066,-0.023353,0.006247,-0.010054
2020-12-07,0.014314,0.023267,0.009736,0.01548
2020-12-08,0.001697,-0.003715,0.004433,0.00198
2020-12-09,-0.017923,-0.019414,-0.01703,-0.020119
2020-12-10,0.002804,-0.012232,0.011099,0.001788
2020-12-11,0.00122,0.010214,-0.003772,0.006069
2020-12-14,0.010696,0.007512,0.011943,0.014915
2020-12-15,0.009393,0.004295,0.01224,0.00763
2020-12-16,0.009777,0.016761,0.00623,0.009416
2020-12-17,0.011504,0.017789,0.008174,0.010173
2020-12-18,0.00507,0.003043,0.005775,0.009883
2020-12-21,0.014837,0.011595,0.0163,0.012713
2020-12-22,0.007912,-0.000154,0.011386,0.011487
2020-12-23,-0.004255,-0.019433,0.00467,-0.01168
2020-12-24,-0.001104,0.008407,-0.006222,0.000463
2020-12-28,0.005083,0.005502,0.004951,0.000417
2020-12-29,-0.004338,0.0046,-0.009144,-0.001152
2020-12-30,0.007834,-0.002039,0.01323,0.004344
2020-12-31,-0.009693,-0.006828,-0.011566,-0.006818
2021-01-04,0.02099,0.031771,0.015626,0.019838
2021-01-05,0.000196,-0.019457,0.010966,-0.005689
2021-01-06,-0.015862,-0.039406,-0.003011,-0.026631
2021-01-07,0.019513,-0.005378,0.032466,0.014959
2021-01-08,-0.004128,-0.021607,0.004358,-0.005232
2021-01-11,-0.015501,-0.019646,-0.013089,-0.011909
2021-01-12,0.002276,-0.0162,0.012626,-0.006672
2021-01-13,-0.00556,-0.001974,-0.007716,-0.001145
2021-01-14,-0.000848,-0.022167,0.010788,-0.008205
2021-01-15,-0.017161,0.000846,-0.027373,-0.009698
2021-01-19,0.020891,0.003135,0.03032,0.017722
2021-01-20,0.009575,0.024367,0.001817,0.013535
2021-01-22,0.004533,0.002876,0.004718,0.001524
2021-01-25,-0.010419,-0.018849,-0.004802,-0.013597
2021-01-26,-0.004734,-0.008525,-0.001594,-0.008509
2021-01-27,0.006013,-0.008697,0.015257,0.003023
2021-01-28,-0.003294,0.019814,-0.017254,0.008933
2021-01-29,-0.005466,-0.008514,-0.003043,-0.007667
2021-02-01,-0.00822,-0.001301,-0.011561,0.003424
2021-02-02,0.013821,0.00974,0.014373,0.005223
2021-02-03,0.015112,0.018036,0.013267,0.020831
2021-02-04,0.012215,0.014824,0.009793,0.012324
2021-02-05,-0.000294,-0.003714,0.001918,-0.002296
2021-02-08,0.015534,0.023981,0.010255,0.019734
2021-02-09,0.005251,0.006576,0.00398,0.002864
2021-02-10,-0.000834,-0.007198,0.003069,0.000872
2021-02-12,0.000296,-0.011815,0.006956,-0.005149
2021-02-16,-0.003786,-0.03142,0.011459,-0.017121
2021-02-17,-0.011709,-0.018334,-0.008441,-0.016562
2021-02-19,0.016133,0.013112,0.016635,0.014711
2021-02-22,0.011445,0.016916,0.012129,0.011285
2021-02-23,0.00083,-0.002487,0.000994,0.002263
2021-02-24,0.022656,0.049426,0.020023,0.019915
2021-02-25,-0.006917,0.008071,-0.008297,-0.007845
2021-02-26,0.00137,0.008026,-9.5e-05,0.001863
2021-03-01,0.023413,0.03814,0.021802,0.023638
2021-03-02,-0.009036,-0.020938,-0.007845,-0.010752
2021-03-03,0.016347,0.014324,0.017463,0.005229
2021-03-04,-0.001438,0.016839,-0.003608,-0.003006
2021-03-05,0.007929,0.031367,0.005115,0.006844
2021-03-08,0.005448,0.037296,0.002706,0.003381
2021-03-09,-0.006134,-0.017145,-0.005541,0.004447
2021-03-10,0.005843,0.022942,0.004236,0.003416
2021-03-11,0.007784,-0.009133,0.008814,0.011161
2021-03-12,0.001052,0.000769,0.001299,0.001633
2021-03-15,-0.004285,-0.021349,-0.002103,-0.007363
2021-03-16,-0.012774,-0.024373,-0.011918,-0.013833
2021-03-17,0.008317,0.004363,0.009014,0.003753
2021-03-18,-0.011719,-0.029934,-0.00916,-0.008446
2021-03-19,0.00058,0.003914,-0.000533,-0.002247
2021-03-22,-0.014103,-0.007277,-0.015567,-0.01142
2021-03-23,-0.015475,-0.027044,-0.014187,-0.0142
2021-03-24,0.000759,-0.001525,0.001245,-0.010777
2021-03-25,0.000599,0.013293,-0.00104,0.001347
2021-03-26,0.006511,0.01385,0.00542,0.000331
2021-03-29,-0.007659,-0.016048,-0.006861,-0.010065
2021-03-30,0.009152,0.014158,0.008197,0.010901
2021-03-31,-0.002736,0.002837,-0.003966,0.005613
2021-04-01,0.008916,0.000557,0.010447,0.004497
2021-04-05,-8.2e-05,-0.012282,0.001451,0.001256
2021-04-06,-0.001593,-0.006389,-0.000826,-0.000172
2021-04-07,0.000415,-2.9e-05,0.000838,-0.001811
2021-04-08,-0.00147,-0.008632,-0.000515,0.001678
2021-04-09,-0.00048,-0.000363,-0.000823,-0.001829
2021-04-12,0.000982,0.003905,0.000617,-9.9e-05
2021-04-13,-0.006447,-0.018732,-0.005018,-0.006438
2021-04-14,0.00648,0.030245,0.003702,0.007947
2021-04-16,-0.001894,-0.002544,-0.00145,-0.002662
2021-04-19,-0.013435,-0.020576,-0.00698,-0.01843
2021-04-20,-0.001508,-0.013807,0.008937,-0.01272
2021-04-21,0.008235,0.016773,0.00072,0.016904
2021-04-22,-0.002957,0.00028,-0.005926,-0.002456
2021-04-23,0.004493,0.012268,-0.00231,0.011087
2021-04-26,0.009936,0.017786,0.003141,0.015012
2021-04-27,-0.009322,-0.004263,-0.01365,-0.005271
2021-04-28,-0.006402,-0.005222,-0.007184,-0.005186
2021-04-29,-0.012972,-0.015372,-0.010808,-0.01493
2021-04-30,-0.008099,-0.010784,-0.005866,-0.011023
2021-05-03,-0.003742,-0.005753,-0.00175,-0.0038
2021-05-04,-0.017182,-0.020274,-0.014399,-0.019232
2021-05-05,0.000345,0.00481,-0.003345,0.003962
2021-05-06,-0.00051,-0.011078,0.008994,-0.008166
2021-05-07,0.0043,0.008015,0.00116,0.007154
2021-05-10,-0.020075,-0.029117,-0.011978,-0.026771
2021-05-11,0.012018,0.009302,0.014382,0.009144
2021-05-12,-0.018039,-0.022344,-0.013996,-0.023276
2021-05-13,-0.012768,-0.011968,-0.013463,-0.011269
2021-05-14,0.012032,0.022971,0.002482,0.021011
2021-05-17,-0.001488,-0.00484,0.00191,-0.004021
2021-05-18,0.010191,0.007133,0.012606,0.009908
2021-05-19,0.002123,0.004743,-0.000331,0.002871
2021-05-20,0.014258,0.014299,0.014045,0.013023
2021-05-21,-0.006662,-0.007054,-0.006382,-0.005466
2021-05-24,0.00635,0.004455,0.007919,0.006266
2021-05-25,0.004845,-0.000578,0.00954,0.000406
2021-05-26,0.00368,0.015588,-0.006715,0.011919
2021-05-27,0.00271,0.008838,-0.002624,0.009887
2021-05-28,-0.001655,-0.005581,0.001772,-0.004511
2021-06-01,-0.00555,0.003735,-0.013466,0.003009
2021-06-02,-0.004456,-0.002379,-0.006148,0.001027
2021-06-03,-0.014239,-0.012119,-0.016255,-0.013001
2021-06-04,0.010878,0.00901,0.012585,0.008711
2021-06-07,-0.000142,-0.00064,0.000303,0.000882
2021-06-08,-0.003889,-0.000571,-0.006791,-0.00159
2021-06-09,0.001787,-0.00013,0.003338,-0.000201
2021-06-11,-0.008652,-0.013088,-0.004602,-0.010101
2021-06-14,0.01255,0.004773,0.019089,0.009369
2021-06-15,-0.006457,-0.006003,-0.007259,-0.003916
2021-06-16,-0.004712,-0.009625,-0.000174,-0.006375
2021-06-18,-0.00042,-0.005129,0.004761,-0.002563
2021-06-21,-0.000645,0.014633,-0.01745,0.00256
2021-06-22,-0.00299,-0.00536,-0.000383,-0.004012
2021-06-23,-0.003054,-0.005638,-0.000212,-0.003708
2021-06-24,-0.000765,-0.002154,0.000762,-0.000442
2021-06-25,0.000292,0.000228,0.000363,-0.000191
2021-06-28,0.000593,-0.019173,0.022335,-0.003516
2021-06-29,-0.003069,-0.009573,0.004085,-0.003683
2021-06-30,0.001855,0.01,-0.007105,0.00333
2021-07-01,-0.000826,0.006936,-0.009363,-8.9e-05
2021-07-02,0.00292,-0.001742,0.008047,0.002455
2021-07-06,0.003458,-0.010565,0.018884,-0.000152
2021-07-07,0.009227,0.010759,0.007542,0.008819
2021-07-09,-0.012403,0.004005,-0.017408,-0.007503
2021-07-12,-0.003931,-0.014922,0.000983,-0.006626
2021-07-13,0.005344,-0.004801,0.007502,0.002838
2021-07-14,0.009507,0.000418,0.013382,0.004679
2021-07-15,-0.00104,-0.003828,0.000666,-0.004922
2021-07-16,0.00914,-0.016284,0.017144,-0.001321
2021-07-19,0.013066,0.002749,0.016772,0.007783
2021-07-20,-0.011191,-0.009864,-0.011529,-0.010015
2021-07-21,-0.010397,0.009661,-0.018543,-0.000844
2021-07-22,0.005645,-0.01296,0.010689,0.000644
2021-07-23,0.003321,-0.010354,0.009012,-0.000389
2021-07-26,-0.008816,0.008368,-0.015669,-0.001345
2021-07-27,0.004055,-0.001794,0.007472,-0.000628
2021-07-28,0.001249,0.01745,-0.005102,0.006561
2021-07-30,0.001951,0.001645,0.002478,0.000591
2021-08-02,0.005625,0.003381,0.00711,0.004818
2021-08-03,-0.002589,-0.00356,-0.001743,-0.000433
2021-08-04,0.008994,0.004362,0.011661,0.006591
2021-08-05,-0.007445,-0.008632,-0.006243,-0.00613
2021-08-06,-0.01075,-0.008527,-0.009793,-0.011567
2021-08-09,0.005364,0.0029,0.0084,0.00191
2021-08-10,-0.008772,-0.006853,-0.00934,-0.009674
2021-08-11,-0.001159,0.006508,-0.004791,-0.000741
2021-08-12,-0.003343,-0.002248,-0.003696,-0.002653
2021-08-13,0.003715,0.00566,0.002006,-1.1e-05
2021-08-16,-0.009133,-0.011589,-0.009059,-0.01015
2021-08-17,-0.012852,-0.010374,-0.015214,-0.011003
2021-08-18,0.005504,0.003465,0.007105,0.005699
2021-08-19,-0.004274,-0.007706,-0.002725,-0.006417
2021-08-20,0.003665,0.007788,0.002264,0.004702
2021-08-23,0.012958,0.009954,0.013969,0.014833
2021-08-24,0.004022,0.001341,0.005753,0.0039
2021-08-25,-0.002989,-0.005105,-0.000912,-0.002479
2021-08-27,-0.007211,0.00079,-0.016377,-0.000946
2021-08-30,-0.001392,-0.011728,0.008967,-0.005901
2021-08-31,-0.001833,-0.001762,-0.001231,-0.00142
2021-09-01,-0.005337,-0.013678,0.004217,-0.008011
2021-09-02,-0.004049,0.00336,-0.01284,0.002557
2021-09-03,0.001073,-0.005042,0.006878,-0.002561
2021-09-07,0.000747,-0.001321,0.003153,0.000381
2021-09-08,-0.002049,-0.01052,0.008081,-0.00776
2021-09-10,0.002161,0.004276,-0.00134,0.002669
2021-09-13,0.00517,0.007027,0.003065,0.004556
2021-09-14,-0.007211,-0.011191,-0.000706,-0.008941
2021-09-15,0.012851,0.01237,0.013623,0.011493
2021-09-16,0.007695,0.012561,-0.000622,0.012691
2021-09-17,-0.001026,0.002162,-0.006314,0.00102
2021-09-20,-0.010466,-0.004352,-0.020026,-0.007173
2021-09-21,-0.00243,-0.004831,0.001514,-0.002902
2021-09-22,0.014795,0.013612,0.016653,0.013957
2021-09-24,0.001896,-0.005315,0.008552,-0.001013
2021-09-27,-0.014141,-0.033584,0.003715,-0.018073
2021-09-28,-0.002703,-0.004388,-0.001732,-0.00306
2021-09-29,4e-06,0.005125,-0.004833,0.001409
2021-10-01,0.018946,0.013192,0.022897,0.012982
2021-10-04,-0.001852,-0.019151,0.00979,-0.014194
2021-10-05,0.005515,0.004596,0.005631,0.006621
2021-10-06,-0.004958,0.0165,-0.018104,0.003799
2021-10-07,0.00445,0.005512,0.003761,0.005892
2021-10-08,0.009206,0.001852,0.014086,0.002862
2021-10-11,-0.000717,-0.005008,0.001868,-0.000837
2021-10-12,-0.007818,-0.012728,-0.004856,-0.009182
2021-10-13,-0.009345,-0.004339,-0.012986,-0.004653
2021-10-14,0.001283,0.009632,-0.003644,0.005375
2021-10-15,0.010729,0.017917,0.006449,0.014839
2021-10-18,0.010901,0.024174,0.002799,0.017358
2021-10-19,-0.006705,-0.005164,-0.008164,-0.005938
2021-10-20,-0.004498,-0.005287,-0.00371,-0.005782
2021-10-21,-0.003339,0.004988,-0.008787,0.002974
2021-10-22,-0.003702,-0.013634,0.002968,-0.007309
2021-10-25,0.001231,-0.006408,0.005271,0.002228
2021-10-26,0.001054,0.003979,-0.000396,-0.000152
2021-10-27,-0.019683,-0.019418,-0.020567,-0.016083
2021-10-29,0.005801,-0.003593,0.010822,-0.000253
2021-11-01,0.004696,0.003464,0.004898,0.000232
2021-11-02,-0.008144,-0.012802,-0.005859,-0.00754
2021-11-03,0.002261,0.005306,0.000451,0.005599
2021-11-04,0.014077,0.008355,0.016952,0.013483
2021-11-05,-0.007685,0.006875,-0.015689,0.000161
2021-11-08,0.013728,0.011879,0.014777,0.009965
2021-11-09,-0.000997,-0.001577,-0.000459,-0.002307
2021-11-10,-0.010667,-0.016653,-0.007225,-0.009094
2021-11-11,0.015961,0.0198,0.013751,0.014815
2021-11-12,0.012667,0.007169,0.015824,0.008216
2021-11-15,-0.010854,-0.009669,-0.011635,-0.008601
2021-11-16,0.000588,-0.004696,0.00331,0.000133
2021-11-17,0.00279,-0.007153,0.008239,0.001091
2021-11-18,-0.002114,-0.004519,-0.000784,-0.001329
2021-11-19,0.01137,-0.003629,0.019272,0.005918
2021-11-22,-0.01884,-0.014456,-0.02126,-0.020838
2021-11-23,-0.017856,-0.007343,-0.023566,-0.016381
2021-11-24,0.002194,0.000742,0.003088,0.002168
2021-11-26,0.004634,-0.000117,0.007525,0.007923
2021-11-29,0.014446,0.000995,0.021712,0.007447
2021-11-30,0.009197,0.00242,0.012796,0.009503
2021-12-01,-0.006222,-0.016457,-0.000603,-0.011016
2021-12-03,0.010268,0.00033,0.016695,0.006459
2021-12-06,0.003803,0.009459,-7.3e-05,0.00261
2021-12-07,-0.004107,0.0017,-0.008478,-0.004157
2021-12-08,-0.003108,0.00545,-0.008351,0.000937
2021-12-09,0.008088,-0.002851,0.014407,0.005378
2021-12-10,-0.001502,-0.007946,0.002154,-0.004405
2021-12-13,0.009862,-0.001242,0.01742,0.009606
2021-12-14,0.00061,-0.008518,0.005994,-0.002815
2021-12-15,0.001926,-0.000284,0.003265,0.002296
2021-12-16,0.004943,-0.005979,0.012027,0.001123
2021-12-17,0.001761,0.017593,-0.00682,0.006639
2021-12-20,0.003025,0.003548,0.003495,0.003897
2021-12-21,-0.00722,0.007589,-0.017021,-0.005223
2021-12-22,0.001301,0.001343,0.001286,0.000769
2021-12-23,0.001602,0.001849,0.001469,-0.000284
2021-12-27,-0.00662,-0.0103,-0.005404,-0.007241
2021-12-28,0.005163,0.000199,0.008265,0.004592
2021-12-29,0.009158,-0.004771,0.0181,0.010558
2021-12-30,0.000621,0.003207,-0.000321,0.000896
2021-12-31,0.001625,0.000527,0.002304,0.002026
2022-01-03,-0.007222,0.00634,-0.016063,-0.0081
2022-01-04,0.001516,-0.004984,0.005579,-0.006785
2022-01-05,0.008048,0.000726,0.012521,0.007552
2022-01-07,0.003473,-0.008287,0.01044,-0.002271
2022-01-10,-0.008142,-0.007927,-0.008292,-0.010093
2022-01-11,0.010142,0.017394,0.005954,0.009076
2022-01-12,-0.005081,-0.014099,4.5e-05,-0.009136
2022-01-13,0.000123,-0.012512,0.007928,-0.004704
2022-01-14,0.011839,0.005807,0.015473,0.006297
2022-01-18,-0.006277,-0.019745,0.001765,-0.016266
2022-01-19,-0.014362,0.000388,-0.022911,-0.010191
2022-01-21,0.01035,0.006549,0.013127,0.006709
2022-01-24,-0.003796,0.005166,-0.01093,0.001342
2022-01-25,-0.006572,-0.028976,0.01143,-0.013349
2022-01-26,0.002112,-0.001626,0.006758,0.001478
2022-01-27,-0.004763,-0.026155,0.013229,-0.009501
2022-01-28,-0.010864,0.001778,-0.019381,-0.006255
2022-01-31,-0.007466,0.018478,-0.02796,0.0031
2022-02-01,-0.002457,-0.002018,-0.002321,-0.001427
2022-02-02,0.00621,-0.006932,0.019068,-0.001064
2022-02-03,0.009693,-0.002657,0.017875,0.004763
2022-02-04,-0.009147,-0.005756,-0.011395,-0.006731
2022-02-07,0.001743,-0.001001,0.002863,0.000885
2022-02-08,0.01036,0.018871,0.002091,0.014881
2022-02-09,-0.004285,0.015962,-0.020867,0.000843
2022-02-10,0.001572,-0.010732,0.010554,-0.003611
2022-02-11,-0.006338,-0.031058,0.013844,-0.017262
2022-02-14,0.001436,-0.000861,0.003386,0.000203
2022-02-15,-0.000632,0.020232,-0.016649,0.010119
2022-02-16,0.000484,-0.006141,0.005949,-0.0029
2022-02-17,0.003284,-0.014948,0.017273,-0.006201
2022-02-18,0.005503,-0.001308,0.010793,0.003576
2022-02-22,0.007361,0.00265,0.011835,0.000781
2022-02-23,-0.00346,-0.019094,0.009372,-0.011139
2022-02-25,0.001634,0.003839,-0.005236,0.001845
2022-02-28,0.011935,0.006871,0.021767,0.007594
2022-03-01,-0.014627,-0.028778,0.015962,-0.022441
2022-03-02,0.011518,0.009497,0.01112,0.008319
2022-03-04,-0.016365,-0.048765,0.018697,-0.027365
2022-03-07,0.000617,-0.033478,0.040294,-0.011091
2022-03-08,0.017098,0.017741,0.02129,0.019214
2022-03-09,0.016332,0.050646,-0.022712,0.02853
2022-03-10,-0.006183,-0.018223,0.009713,-0.011958
2022-03-11,-0.018428,-0.023341,-0.011815,-0.021337
2022-03-14,-0.025924,-0.01076,-0.043638,-0.020409
2022-03-15,0.012612,0.030716,-0.006882,0.020211
2022-03-16,0.024909,0.042907,0.002457,0.032444
2022-03-17,0.001326,-0.013219,0.015481,-0.001014
2022-03-18,0.013063,0.021181,0.001162,0.016782
2022-03-21,-0.003466,-0.019709,0.014703,-0.009993
2022-03-22,0.006325,0.015372,-0.004195,0.010267
2022-03-23,0.00185,-0.013538,0.019988,-0.003278
2022-03-24,0.007078,0.010577,0.001795,0.008408
2022-03-25,-0.018798,-0.024277,-0.013378,-0.01985
2022-03-28,0.005225,0.017874,-0.010771,0.009568
2022-03-29,0.006772,0.016698,-0.00662,0.013933
2022-03-30,-0.009604,-0.024254,0.007443,-0.013706
2022-04-01,-0.011869,-0.02358,-0.002234,-0.02124
2022-04-04,0.006941,0.011456,0.004303,0.008916
2022-04-05,-0.015233,-0.02837,-0.007717,-0.020596
2022-04-06,-0.023072,-0.030772,-0.019381,-0.025799
2022-04-07,-0.006768,-0.009056,-0.00484,-0.008885
2022-04-08,-0.00401,-0.004971,-0.00268,-0.003969
2022-04-11,-0.007255,-0.003611,-0.011897,-0.001287
2022-04-12,0.003304,0.001731,0.004852,0.002565
2022-04-13,0.010189,0.007135,0.014329,0.005836
2022-04-14,-0.004434,-0.011079,-0.001051,-0.006967
2022-04-18,0.007114,-0.000813,0.011895,0.005603
2022-04-19,0.009446,0.014951,0.005442,0.01159
2022-04-20,-0.011107,-0.004387,-0.017629,-0.00792
2022-04-21,-0.00338,-0.008472,-0.002697,-0.001357
2022-04-22,-0.003125,-0.001792,-0.004755,-0.000481
2022-04-25,-0.000714,-0.002406,-0.001064,0.002735
2022-04-26,-0.006962,-0.009474,-0.00603,-0.00496
2022-04-27,0.002664,-0.006136,0.008774,-0.00239
2022-04-28,0.01595,0.018991,0.015057,0.017765
2022-04-29,-0.010736,-0.007728,-0.01352,-0.008519
2022-05-02,0.015265,0.025938,0.008086,0.019541
2022-05-03,-0.002799,-0.004388,-0.001609,-0.005031
2022-05-04,0.005717,0.004549,0.007037,0.003319
2022-05-06,0.003738,-0.004819,0.012755,0.003974
2022-05-09,0.026546,0.027731,0.026028,0.025519
2022-05-10,0.007569,0.004937,0.010218,0.005648
2022-05-11,0.001269,-0.011919,0.01457,0.001851
2022-05-12,-0.008616,-0.01145,-0.00558,-0.011254
2022-05-13,-0.01336,-0.008965,-0.018184,-0.016224
2022-05-16,0.001786,-0.008805,0.012236,0.001708
2022-05-17,0.002233,0.004774,-0.000709,-0.000917
2022-05-18,-5.4e-05,-0.002333,0.001984,0.001754
2022-05-19,-0.004105,0.002615,-0.011497,-0.003755
2022-05-20,-0.000471,-0.001637,0.000723,-0.000612
2022-05-23,-0.001773,-0.010007,0.006461,-0.002714
2022-05-24,0.006193,0.003158,0.009638,0.011223
2022-05-25,-0.013105,-0.012694,-0.013472,-0.016107
2022-05-26,-0.00201,-0.007816,0.003915,-0.007252
2022-05-27,9.1e-05,0.000222,-0.000154,-0.002889
2022-05-31,-0.002341,0.004563,-0.009175,0.002187
2022-06-01,-0.002878,-0.015298,0.009773,-0.004877
2022-06-02,0.002635,0.007031,-0.001896,0.000306
2022-06-03,-0.001994,-0.009018,0.005128,-0.001721
2022-06-06,-0.00864,-0.01138,-0.005937,-0.007981
2022-06-07,0.002942,-0.000309,0.00607,0.00286
2022-06-08,-0.002924,-0.003806,-0.002179,-0.005198
2022-06-09,-0.002317,-0.00811,0.003742,-0.001261
2022-06-10,0.003718,0.001602,0.00599,0.005377
2022-06-13,0.017633,0.005672,0.02994,0.012323
2022-06-14,0.01124,0.017532,0.005158,0.010089
2022-06-15,0.001723,0.008004,-0.004799,0.000345
2022-06-16,0.010424,0.012286,0.008625,0.015323
2022-06-17,0.007541,0.024485,-0.00975,0.007743
2022-06-21,-0.000213,-0.003043,0.00272,-0.001853
2022-06-22,0.008123,0.015802,0.000396,0.010298
2022-06-23,0.000387,0.016181,-0.01537,0.004421
2022-06-24,0.000545,0.004594,-0.003542,-0.002153
2022-06-27,-0.003289,-0.014372,0.007792,-0.004456
2022-06-28,-0.002991,-0.014415,0.008477,-0.003026
2022-06-29,0.009412,0.015465,0.003435,0.012815
2022-06-30,0.014445,0.015593,0.013609,0.014691
2022-07-01,-0.009465,-0.003576,-0.015688,-0.005241
2022-07-05,-0.001122,0.018923,-0.021363,0.000918
2022-07-06,0.007729,0.006973,0.008661,0.008174
2022-07-07,-0.015729,-0.023564,-0.008055,-0.019261
2022-07-08,0.001537,-0.000392,0.003418,0.000809
2022-07-11,0.003679,-0.003851,0.011595,0.00413
2022-07-12,0.007565,0.011896,0.003251,0.005575
2022-07-13,-0.00642,-0.008683,-0.004275,-0.007295
2022-07-14,-0.001162,-0.004712,0.003031,9e-06
2022-07-15,-0.003665,-0.001249,-0.006317,-0.00429
2022-07-18,-0.017412,-0.024514,-0.010352,-0.01933
2022-07-19,-0.003824,0.001978,-0.009723,-0.003173
2022-07-20,-0.009364,-0.013039,-0.005582,-0.013205
2022-07-21,0.007297,0.010256,0.00438,0.006264
2022-07-22,0.000941,-0.004019,0.006237,0.003153
2022-07-25,-0.005321,-0.016465,0.005743,-0.007126
2022-07-26,0.00808,0.005443,0.010593,0.009382
2022-07-27,-0.009939,-0.007034,-0.013066,-0.011372
2022-07-29,-0.011924,-0.019474,-0.002432,-0.014554
2022-08-01,0.004388,0.007604,0.000449,0.006111
2022-08-02,0.004062,0.003247,0.006025,0.001288
2022-08-03,0.00711,0.001457,0.017172,0.004437
2022-08-05,-0.00327,0.009712,-0.008246,0.000972
2022-08-08,0.006635,0.014422,0.003639,0.006074
2022-08-09,-0.015861,-0.017045,-0.015377,-0.016333
2022-08-10,0.015499,0.009203,0.017866,0.013952
2022-08-11,-0.015418,-0.017444,-0.014644,-0.009335
2022-08-12,0.010229,0.00565,0.012031,0.007786
2022-08-15,-0.00334,-0.010944,-0.000429,-0.006113
2022-08-16,-0.00871,-0.011547,-0.007792,-0.010602
2022-08-17,-0.015667,-0.011045,-0.01737,-0.011958
2022-08-18,9.1e-05,0.007536,-0.002755,0.006337
2022-08-19,-0.020287,-0.015049,-0.022322,-0.017029
2022-08-22,-0.010104,-0.011551,-0.009621,-0.010173
2022-08-23,0.009847,0.022019,0.005172,0.016007
2022-08-24,0.006546,0.00119,0.008694,0.004953
2022-08-25,0.00768,0.007037,0.007859,0.008121
2022-08-26,-0.012452,-0.01038,-0.013256,-0.011715
2022-08-29,-0.005244,-0.007067,-0.004477,-0.002028
2022-08-30,-0.00023,-0.002435,0.000604,-0.00411
2022-08-31,0.002338,-0.001011,0.003646,4.4e-05
2022-09-02,0.00692,0.008739,-0.002919,0.005427
2022-09-06,-0.003746,-0.006343,0.001406,-0.00448
2022-09-07,-0.011056,0.000491,-0.032202,-0.001039
2022-09-08,0.003254,0.005247,0.000344,0.003686
2022-09-09,0.017098,0.022336,0.004799,0.018305
2022-09-12,0.002636,0.005904,-0.005751,0.003014
2022-09-13,-0.011264,-0.02215,0.010808,-0.017558
2022-09-14,0.002173,-0.005467,0.016795,-0.003612
2022-09-16,0.005459,0.010831,-0.000132,0.007959
2022-09-19,0.002421,0.005051,-0.000775,0.002039
2022-09-20,0.007658,0.009295,0.005478,0.007819
2022-09-21,0.000174,0.006156,-0.006739,0.00079
2022-09-22,0.006724,0.00582,0.008249,0.005327
2022-09-23,0.012193,0.024564,-0.00082,0.023454
2022-09-26,0.002071,0.002862,0.000247,0.001634
2022-09-27,-2.2e-05,-0.00911,0.009919,-0.006693
2022-09-28,-0.009823,-0.017551,-0.000734,-0.014544
2022-09-29,0.007225,0.00352,0.012113,0.004362
2022-09-30,-0.004437,-0.007444,-0.000359,-0.004148
2022-10-03,0.00202,-0.00625,0.01071,-0.007764
2022-10-04,-0.005544,-0.013494,0.002526,-0.011803
2022-10-05,-0.001371,-0.003575,0.000419,-0.004065
2022-10-06,-0.000727,-0.004159,0.002527,-0.004996
2022-10-07,-0.001727,-0.003901,0.000816,-0.00541
2022-10-10,0.004944,0.010241,-0.000283,0.0081
2022-10-11,0.000283,-0.000322,0.001568,0.003249
2022-10-12,0.001766,-0.003912,0.007878,-0.003107
2022-10-13,-0.001122,-0.002448,0.00026,-0.000292
2022-10-14,0.00763,0.00621,0.009915,0.009598
2022-10-17,-0.002222,-0.006004,0.001452,-0.00347
2022-10-18,0.004306,0.001836,0.006135,0.004409
2022-10-19,-6.8e-05,-0.001947,0.000134,-0.007146
2022-10-21,0.005123,0.004662,0.005535,0.006785
2022-10-24,0.002374,-0.007265,0.008116,0.000729
2022-10-25,-0.00449,0.010855,-0.013639,0.00452
2022-10-26,-0.004706,-0.007962,-0.002578,-0.004974
2022-10-27,-0.000498,-0.011221,0.005986,-0.004585
2022-10-28,-7.7e-05,-0.008638,0.004771,-0.002603
2022-10-31,-0.001066,-0.010932,0.005121,-0.003222
2022-11-01,0.001786,-0.002301,0.004381,0.000429
2022-11-02,-0.008016,-0.00921,-0.007335,-0.010391
2022-11-03,0.001742,-0.00559,0.006272,-0.00428
2022-11-04,-0.006675,0.013075,-0.018058,0.006761
2022-11-07,0.00685,0.000628,0.010631,0.005909
2022-11-08,-0.014025,-0.024698,-0.007315,-0.013005
2022-11-09,-0.023102,-0.033439,-0.016752,-0.02514
2022-11-10,0.007186,0.046519,-0.016303,0.026494
2022-11-11,0.013325,0.015757,0.012022,0.008483
2022-11-14,-0.002763,-0.005235,-0.001278,-0.00106
2022-11-15,0.011199,0.023009,0.004027,0.01192
2022-11-16,-0.01631,-0.024469,-0.011392,-0.018027
2022-11-18,0.001027,0.004497,-0.001004,-9e-06
2022-11-21,-0.007407,-0.009404,-0.005356,-0.006949
2022-11-22,-0.004582,-0.013256,0.001391,-0.009492
2022-11-23,0.009502,-9e-06,0.016942,0.003879
2022-11-25,-0.000574,0.0068,-0.005848,0.002852
2022-11-28,-7.4e-05,0.002592,-0.002343,0.003775
2022-11-29,-0.003538,-0.003465,-0.003813,-0.004923
2022-11-30,0.013784,0.00849,0.017799,0.010611
2022-12-01,0.015553,0.007328,0.020673,0.012464
2022-12-02,-0.000381,0.0025,-0.002189,-0.000782
2022-12-05,0.007731,0.012075,0.004482,0.007033
2022-12-06,0.001018,0.002621,-0.000421,-1.6e-05
2022-12-07,0.007175,-0.003594,0.015438,0.002135
2022-12-08,0.005496,-0.000738,0.010749,0.00189
2022-12-09,0.002416,-0.003434,0.006593,0.002903
2022-12-12,-0.006856,0.000933,-0.012414,-0.005152
2022-12-13,0.007607,-0.002333,0.014808,0.00382
2022-12-14,0.002793,0.009418,-0.002016,0.005251
2022-12-15,-0.010541,-0.005938,-0.01387,-0.00889
2022-12-16,0.001235,-0.00649,0.005951,-0.001311
2022-12-19,0.00033,0.015637,-0.011628,0.00856
2022-12-20,0.006453,0.009936,0.002487,0.007678
2022-12-21,-0.006806,-0.005968,-0.00739,-0.007854
2022-12-22,0.005792,0.017396,-0.002667,0.010177
2022-12-23,-0.008031,-0.004958,-0.010853,-0.005836
2022-12-27,-0.00361,-0.0045,-0.003773,-0.003672
2022-12-28,0.007089,0.015024,0.001524,0.011497
2022-12-30,-0.001966,-0.006998,0.000923,-0.004488
2023-01-03,0.010426,0.009934,0.010798,0.007942
2023-01-04,-0.003207,0.015571,-0.01419,0.001562
2023-01-05,0.004178,-0.01369,0.014505,-0.002756
2023-01-06,0.002569,0.009298,-0.00155,0.002644
2023-01-09,-0.012172,0.003623,-0.021731,-0.005067
2023-01-10,0.001638,0.001111,0.001928,-0.000699
2023-01-11,-0.008772,0.005228,-0.017001,-0.004785
2023-01-12,-0.006605,0.002785,-0.012123,-0.004343
2023-01-13,0.002604,-0.002541,0.005571,-0.0011
2023-01-17,-0.013663,0.001434,-0.022582,-0.005381
2023-01-18,0.00865,0.010826,0.007316,0.007467
2023-01-20,0.004307,-0.002614,0.009338,-0.001357
2023-01-23,-0.002072,-0.006951,0.001735,-0.002435
2023-01-24,0.00644,0.009766,0.00399,0.007551
2023-01-25,0.000904,-0.002983,0.00359,-0.002295
2023-01-27,0.006448,0.01436,0.003512,0.005211
2023-01-30,-0.005016,0.001693,-0.007617,-0.002707
2023-01-31,-0.000642,0.00202,-0.001632,-0.002143
2023-02-01,0.026277,0.026596,0.026366,0.02015
2023-02-02,0.010605,-0.003872,0.016594,-0.006259
2023-02-03,-0.014712,-0.01802,-0.013394,-0.012882
2023-02-06,-0.010808,-0.006817,-0.012413,-0.0067
2023-02-07,0.002903,-0.019942,0.011785,-0.003057
2023-02-08,-0.003488,-0.004799,-0.003123,-0.006144
2023-02-09,4.7e-05,-0.000578,0.000327,0.002348
2023-02-10,-0.017935,-0.016683,-0.018546,-0.013263
2023-02-13,0.004376,0.00063,0.00588,-0.000786
2023-02-14,0.008651,0.000157,0.012001,0.007755
2023-02-15,0.009895,0.015139,0.00788,0.004401
2023-02-17,-0.008099,-0.00459,-0.010769,-0.001312
2023-02-21,-0.002787,-0.011023,0.003336,-0.006448
2023-02-22,-0.003278,-0.003573,-0.003916,-0.00265
2023-02-23,0.004849,0.001593,0.006594,4.8e-05
2023-02-24,6.1e-05,-0.017012,0.010931,-0.009734
2023-02-27,0.001443,0.003508,0.000127,0.004913
2023-02-28,-0.000181,0.007765,-0.005099,0.004442
2023-03-01,0.002404,-0.002964,0.006955,0.002304
2023-03-02,-0.001112,-0.006408,0.002297,-0.006803
2023-03-03,-0.004931,-0.002139,-0.007264,-0.000998
2023-03-06,0.003734,0.00992,0.000291,0.002249
2023-03-07,0.002127,0.002075,0.001201,0.000387
2023-03-08,-0.001214,0.00569,-0.00599,0.001235
2023-03-09,-0.02183,-0.018882,-0.023636,-0.019678
2023-03-10,-0.010117,-0.010208,-0.009279,-0.011383
2023-03-13,-0.030772,-0.03116,-0.029917,-0.032546
2023-03-14,0.005109,0.010287,0.001401,0.008189
2023-03-15,-0.016303,-0.00096,-0.028011,-0.007786
2023-03-17,0.002563,-0.022736,0.019304,-0.011218
2023-03-20,0.003211,0.003643,0.003088,0.004413
2023-03-21,-0.013136,-0.004452,-0.018779,-0.004739
2023-03-22,0.012007,0.004248,0.016704,0.007119
2023-03-24,-0.000799,0.007142,-0.005954,0.004468
2023-03-27,-0.013149,-0.002406,-0.017692,-0.005034
2023-03-28,-0.003787,-0.006611,-0.001991,-0.007851
2023-03-29,0.000925,0.004291,-0.001958,0.003538
2023-03-30,0.006726,-0.000613,0.008852,1.8e-05
2023-03-31,0.000301,0.007381,-0.001695,0.004288
2023-04-03,-0.008237,-0.009565,-0.006337,-0.006473
2023-04-04,0.017891,0.007444,0.024137,0.009919
2023-04-05,-0.001707,0.001994,-0.003963,0.002952
2023-04-06,0.006567,0.006684,0.004638,0.003711
2023-04-10,-0.008219,0.000357,-0.010741,-0.003562
2023-04-11,-0.004738,-0.003949,-0.005254,-0.003439
2023-04-12,0.004387,-0.002807,0.006887,-0.000108
2023-04-13,0.009511,-0.004206,0.015463,0.000796
2023-04-14,-0.007035,-0.007189,-0.006177,-0.005021
2023-04-17,-0.00527,0.009741,-0.01472,0.006462
2023-04-18,0.001235,-0.005903,0.003788,-0.000505
2023-04-19,-7.6e-05,0.010367,-0.004939,0.006057
2023-04-20,0.002534,0.00249,0.002838,0.000188
2023-04-21,0.006137,0.012684,0.002172,0.00778
2023-04-24,-0.007088,-0.003891,-0.007052,-0.003453
2023-04-25,0.010918,0.005987,0.011462,0.005911
2023-04-26,0.006251,-0.007423,0.01101,-0.001211
2023-04-27,0.006389,0.003859,0.007618,0.003163
2023-04-28,-0.007127,0.003768,-0.011505,-0.00028
2023-05-01,0.00229,-0.001595,0.001479,-0.001902
2023-05-02,0.018665,-0.006471,0.029863,-0.003967
2023-05-03,0.009732,0.008007,0.008855,0.006122
2023-05-05,-0.009392,0.000948,-0.018858,-0.002997
2023-05-08,-0.000963,0.009726,-0.012821,0.00459
2023-05-09,-0.002887,-0.002817,-0.002817,-0.003308
2023-05-10,-0.000801,-0.010666,0.009037,-0.005391
2023-05-11,-0.001942,-0.003652,-0.00055,-0.001818
2023-05-12,4.2e-05,0.002427,-0.002757,0.00296
2023-05-15,-0.004063,0.004742,-0.012319,-0.00105
2023-05-16,0.006917,0.005562,0.008577,0.006881
2023-05-17,-0.005777,0.006207,-0.016558,-0.001504
2023-05-18,-0.003636,0.006097,-0.013818,0.003598
2023-05-19,0.005224,-0.000293,0.009777,0.004958
2023-05-22,-0.003461,-0.004044,-0.002632,-0.004554
2023-05-23,-0.004148,-0.002852,-0.00644,-0.002457
2023-05-24,-0.005254,-0.002984,-0.009808,-0.000484
2023-05-25,0.013115,0.011444,0.018129,0.011282
2023-05-26,0.005262,0.005675,0.006355,0.002478
2023-05-30,0.00074,-0.00517,0.008382,-0.004325
2023-05-31,0.003655,-0.008844,0.015145,-0.00386
2023-06-01,0.002468,0.007137,-0.001777,0.004578
2023-06-02,-0.006973,0.00372,-0.016856,-0.000996
2023-06-05,0.003438,0.001947,0.003155,0.004363
2023-06-06,-0.007345,-0.000409,-0.013003,-0.007378
2023-06-07,-0.006932,0.006063,-0.019596,0.000845
2023-06-08,0.005995,0.001929,0.010213,0.001447
2023-06-09,0.006088,0.003504,0.009178,0.004575
2023-06-12,0.004961,0.002435,0.008441,0.001582
2023-06-13,-0.004054,0.005282,-0.01346,0.0018
2023-06-14,0.005105,0.002844,0.008232,0.003264
2023-06-15,-0.003517,0.003809,-0.012421,0.003982
2023-06-16,-0.002564,-0.004594,-0.000214,-0.001544
2023-06-20,-0.0035,-0.013138,0.007495,-0.008633
2023-06-21,-0.007828,-0.004801,-0.010597,-0.004072
2023-06-22,0.006313,0.001332,0.011111,0.003902
2023-06-23,-0.004858,-0.007268,-0.00323,-0.004491
2023-06-26,-0.002921,0.006435,-0.01162,0.001319
2023-06-27,-0.000635,0.002293,-0.0007,-0.00371
2023-06-28,-0.002681,-0.001259,-0.004716,-0.002134
2023-06-29,-0.004925,-0.00182,-0.007813,1e-06
2023-06-30,0.000797,0.002702,-0.001588,0.003413
2023-07-03,-0.002815,0.000513,-0.004825,-0.004742
2023-07-05,-0.001437,-0.003623,9e-06,-0.00193
2023-07-07,0.014585,0.005997,0.018715,0.011449
2023-07-10,0.001213,0.010096,-0.002695,0.005371
2023-07-11,0.006475,-0.001011,0.009812,0.003223
2023-07-12,-0.005325,-0.004303,-0.005781,-0.002754
2023-07-13,0.010899,0.014125,0.008898,0.009488
2023-07-14,-0.015152,-0.01434,-0.015367,-0.016727
2023-07-17,0.006181,0.015385,0.002567,0.014576
2023-07-18,0.009234,0.005926,0.011297,0.012596
2023-07-19,9.7e-05,-0.010683,0.004613,-0.002496
2023-07-20,-0.00783,-0.011992,-0.005226,-0.010716
2023-07-21,-0.003005,-0.000654,-0.004043,-0.004766
2023-07-24,0.004784,-0.006126,0.009748,0.002302
2023-07-25,-0.00173,0.009545,-0.006783,0.00218
2023-07-26,0.007801,-0.001691,0.012063,0.004336
2023-07-28,0.007544,0.007752,0.005783,0.007513
2023-07-31,0.010125,0.011376,0.003961,0.010548
2023-08-01,-0.003248,-0.004718,0.00502,-0.003666
2023-08-02,-0.022934,-0.023254,-0.02096,-0.022939
2023-08-04,0.000956,-0.003537,0.002694,0.000433
2023-08-07,0.000816,-0.002934,0.002186,-0.002738
2023-08-08,-0.002484,-0.001631,-0.003004,-0.003
2023-08-09,-0.010016,-0.012507,-0.008879,-0.010751
2023-08-10,0.002284,0.002159,0.002282,0.002006
2023-08-11,-0.00353,-0.008553,-0.001566,-0.006232
2023-08-14,0.003638,-0.001969,0.005771,0.0046
2023-08-15,-0.004308,-0.010334,-0.002099,-0.008433
2023-08-16,0.000934,-0.000163,0.001346,0.000885
2023-08-17,-0.000643,-0.006595,0.001939,-0.004361
2023-08-18,-0.001607,-0.018585,0.005097,-0.007863
2023-08-21,0.001885,0.00024,0.002535,0.003459
2023-08-22,-0.00715,-0.004196,-0.008355,-0.004683
2023-08-23,-0.001296,0.007788,-0.004848,0.004513
2023-08-24,-0.007131,-0.009231,-0.006185,-0.01064
2023-08-25,-0.001532,-0.000958,-0.001716,-0.000376
2023-08-28,0.002908,0.001056,0.003629,0.001749
2023-08-29,0.005728,0.020156,-2.9e-05,0.012935
2023-08-30,-0.002387,-0.010913,0.000976,-0.004393
2023-09-01,-8.1e-05,-0.002874,0.003038,-0.001184
2023-09-05,-0.002642,-0.008837,0.004477,-0.0066
2023-09-06,-0.000911,-0.000131,-0.001873,-0.000745
2023-09-07,-0.005601,0.002743,-0.015799,-0.001142
2023-09-08,-0.002567,-0.001992,-0.00341,-0.001712
2023-09-11,0.004374,-0.004256,0.01352,0.00176
2023-09-12,-0.009899,0.003219,-0.023881,-0.003758
2023-09-13,0.003208,-0.000422,0.007141,0.002841
2023-09-14,-0.007745,-0.008888,-0.006463,-0.007425
2023-09-15,0.001965,0.004309,-0.001102,0.002036
2023-09-18,0.000809,0.001844,5.6e-05,0.001409
2023-09-19,0.002211,0.004113,-0.000135,0.00464
2023-09-20,0.002833,0.006633,-0.002088,0.003092
2023-09-22,-0.00131,-0.002879,0.001518,-0.001656
2023-09-25,0.006629,0.006783,0.005901,0.008009
2023-09-26,0.002201,0.00214,0.000346,0.002173
2023-09-27,0.015461,0.017162,0.010358,0.018228
2023-09-28,0.003349,0.00658,-0.002725,0.004737
2023-09-29,0.000966,0.00607,-0.005239,0.002458
2023-10-02,0.012565,0.017106,0.004589,0.011971
2023-10-03,-0.005954,-0.013724,0.006599,-0.009497
2023-10-04,-0.004362,0.004286,-0.015467,-0.001787
2023-10-05,-0.0051,-0.003474,-0.007473,-0.003577
2023-10-06,0.003341,0.004936,0.003956,0.002568
2023-10-09,0.000158,-0.005425,0.007605,-0.000971
2023-10-10,-0.001861,0.000725,-0.004333,-9.7e-05
2023-10-11,-0.005287,-0.004999,-0.003932,-0.002882
2023-10-13,0.002368,0.022043,-0.008253,0.012977
2023-10-16,-0.003089,0.00065,-0.005231,-0.007014
2023-10-17,-0.00388,0.007248,-0.010008,0.000285
2023-10-18,0.001744,0.003967,0.000426,0.004611
2023-10-20,-0.005725,-0.0057,-0.005778,-0.007057
2023-10-23,0.005109,0.007243,0.002946,0.006285
2023-10-24,-0.001611,0.000736,-0.004158,-0.000222
2023-10-25,-0.001833,-0.009248,0.006023,-0.009228
2023-10-26,-0.008587,0.003203,-0.020728,-0.001436
2023-10-27,0.005126,0.001764,0.008611,0.004543
2023-10-30,0.004058,0.005874,0.001879,0.006208
2023-10-31,-0.004929,0.004242,-0.014089,0.003099
2023-11-01,-0.000468,0.00416,-0.005254,0.003621
2023-11-02,0.007573,0.016024,-0.001161,0.009071
2023-11-03,-0.002322,0.009651,-0.0152,0.007591
2023-11-06,0.003602,-0.000998,0.00824,7.6e-05
2023-11-07,0.001571,0.005173,-0.002339,0.009025
2023-11-08,0.001868,0.008832,-0.005406,0.004044
2023-11-10,-0.000126,-0.013232,0.009452,-0.006661
2023-11-13,-0.004223,0.004771,-0.009155,0.00262
2023-11-14,0.015601,0.010537,0.014059,0.015404
2023-11-15,0.002516,-0.00163,0.004346,0.000103
2023-11-17,-0.006897,-0.00743,-0.006885,-0.005654
2023-11-20,0.003632,-0.001731,0.006099,0.002998
2023-11-21,0.003065,0.016727,-0.001901,0.003323
2023-11-22,0.001488,-0.001307,0.002514,-2.4e-05
2023-11-24,0.002917,0.006549,0.000885,0.003154
2023-11-27,0.008853,0.012997,0.007083,0.006889
2023-11-28,0.009827,0.014864,0.006824,0.012243
2023-11-29,0.000771,-0.009735,0.004315,-0.002599
2023-11-30,-0.002492,0.001379,-0.004084,-0.005295
2023-12-01,0.001974,-0.007804,0.003868,-0.001228
2023-12-04,-0.005619,-0.017964,-0.002046,-0.010514
2023-12-05,0.00893,0.006241,0.009957,0.005369
2023-12-06,0.008259,-0.006866,0.012835,-0.00086
2023-12-07,-0.000933,-0.013152,0.003261,-0.005429
2023-12-08,-0.004589,-0.009538,-0.001766,-0.004735
2023-12-11,-0.003422,-0.012087,0.000746,-0.010733
2023-12-12,0.007855,-0.000157,0.010264,-0.001116
2023-12-13,0.008117,0.016129,0.003197,0.01298
2023-12-14,-0.008325,-0.021163,-0.003776,-0.004391
2023-12-15,-0.001435,-0.002577,-0.000391,-0.002264
2023-12-18,0.00384,0.00727,0.003411,0.003691
2023-12-19,0.001689,0.002348,0.001483,0.003266
2023-12-20,0.003419,0.004223,0.003519,0.00279
2023-12-21,-0.000772,2.3e-05,-0.001066,0.002167
2023-12-22,0.001601,0.005992,-0.000693,0.002063
2023-12-26,-0.002288,0.000304,-0.003478,-9e-06
2023-12-27,0.006904,0.010688,0.005038,0.006216
2023-12-28,4.5e-05,-0.006616,0.002575,-0.003597
2023-12-29,-0.001958,-0.002433,-0.000852,-0.003407
2024-01-02,-0.006589,0.008793,-0.013222,-0.003398
2024-01-03,-0.009754,0.008175,-0.014863,0.000611
2024-01-04,0.000173,-0.001136,-0.000174,-0.0001
2024-01-05,-0.004264,-0.012193,-0.001499,-0.005371
2024-01-08,0.011317,-0.00127,0.015943,0.004517
2024-01-09,-0.000588,0.001456,-0.000762,0.001533
2024-01-10,0.007879,-0.003962,0.01257,0.00032
2024-01-12,-0.000319,-0.002701,0.004398,-0.002339
2024-01-16,0.000136,-0.005201,0.011042,-0.001792
2024-01-17,-0.00855,-0.013502,0.000897,-0.009063
2024-01-18,0.005422,0.001877,0.012388,0.004999
2024-01-19,0.006802,0.0087,0.004103,0.007087
2024-01-22,0.001011,0.00438,-0.00501,0.001831
2024-01-23,0.007444,0.006795,0.008165,0.007429
2024-01-24,-0.001423,-0.003794,0.003414,-0.002167
2024-01-26,0.00533,0.024611,0.00069,0.007533
2024-01-29,0.002302,0.006752,0.001067,0.002527
2024-01-30,-0.000352,0.002589,-0.001015,-0.000221
2024-01-31,-0.014497,-0.004319,-0.016213,-0.015553
2024-02-01,-0.012559,-0.001764,-0.014759,-0.013279
2024-02-02,0.014018,0.013853,0.014364,0.010809
2024-02-05,0.002649,-0.007225,0.005067,-0.005317
2024-02-06,-0.000973,0.008352,-0.002849,0.000794
2024-02-07,0.006214,0.020859,0.003413,0.005251
2024-02-08,0.015257,0.021028,0.013652,0.011603
2024-02-09,0.009038,0.018412,0.00636,0.008983
2024-02-12,0.005727,0.026586,0.000825,0.012494
2024-02-13,0.005901,-0.002311,0.007643,-0.00425
2024-02-14,0.008825,0.023772,0.005028,0.013734
2024-02-15,0.001463,-0.002344,0.002533,0.00684
2024-02-16,-0.003165,-0.002466,-0.003597,-0.004323
2024-02-20,-0.007262,-0.006046,-0.007396,-0.006774
2024-02-21,-0.007389,-0.007318,-0.006654,-0.002662
2024-02-22,0.017105,0.009947,0.018311,0.005447
2024-02-23,-0.002717,-0.002153,-0.002872,-0.00376
2024-02-26,0.010278,0.041014,0.003191,0.01211
2024-02-27,0.000706,0.020867,-0.00365,0.007579
2024-02-28,-0.00177,0.007399,-0.00371,-0.001912
2024-02-29,0.003934,0.002877,0.003934,0.006072
2024-03-01,-0.002886,-0.006127,-0.002285,-0.007588
2024-03-04,-0.006942,0.012761,-0.01154,-0.000606
2024-03-05,-0.005517,-0.030361,0.00047,-0.00145
2024-03-06,0.002197,0.018876,-0.001883,0.002323
2024-03-07,0.004997,0.006854,0.004657,-0.00148
2024-03-08,-0.003981,0.009437,-0.007131,0.004857
2024-03-11,0.001035,-0.00064,0.001127,0.002837
2024-03-12,0.006109,-0.002962,0.008052,-0.004179
2024-03-13,0.003372,0.004897,0.00255,0.006083
2024-03-15,0.001738,-0.003381,0.007994,-0.002418
2024-03-18,0.000511,0.002927,-0.001841,0.001927
2024-03-19,-0.010577,-0.006295,-0.015112,-0.007595
2024-03-20,0.016285,0.017569,0.013565,0.015739
2024-03-22,-0.002028,-0.000603,-0.00303,-0.003223
2024-03-25,0.010651,0.01271,0.008446,0.010738
2024-03-26,-0.001223,-0.004065,0.0009,-0.001547
2024-03-27,-0.004485,-0.005211,-0.004253,-0.005436
2024-04-01,0.005678,0.00509,0.006346,0.008713
2024-04-02,0.000247,-0.000862,0.001296,0.002065
2024-04-03,0.011523,0.004616,0.019006,0.006708
2024-04-05,-0.001106,-0.00357,0.001135,-0.00157
2024-04-08,0.00172,0.000395,0.003103,0.003792
2024-04-09,-0.012029,-0.011062,-0.014045,-0.013201
2024-04-10,0.006464,-0.004505,0.019892,-0.000751
2024-04-11,0.002138,0.001162,0.001586,0.006176
2024-04-12,-0.005746,-0.005284,-0.00569,-0.00825
2024-04-15,-0.003953,-0.00887,0.001353,-0.007209
2024-04-16,0.003614,0.007539,-0.000819,0.003264
2024-04-17,-0.007429,-0.009634,-0.005936,-0.008249
2024-04-18,0.000113,-0.003036,0.004047,8.8e-05
2024-04-19,-0.002748,-0.010524,0.006987,-0.006951
2024-04-22,0.011969,0.024515,-0.001703,0.017686
2024-04-23,-0.000456,0.006096,-0.008252,0.003447
2024-04-24,0.000963,-0.002157,0.003712,-0.000517
2024-04-25,0.001972,-0.006765,0.011627,-0.002088
2024-04-26,0.0005,0.00466,-0.005178,0.004087
2024-04-29,-0.009529,-0.006905,-0.011996,-0.009713
2024-04-30,-0.00603,0.00301,-0.016332,-0.003349
2024-05-01,-0.013643,-0.008594,-0.021273,-0.010765
2024-05-02,0.003009,0.006221,-0.001009,0.005857
2024-05-03,0.001078,0.005097,-0.003344,0.004363
2024-05-06,0.003113,0.002135,0.003477,0.004598
2024-05-07,-0.004978,-0.007338,-0.001776,-0.007814
2024-05-08,0.00109,0.001685,0.000396,4e-05
2024-05-10,0.009472,0.010701,0.00698,0.007767
2024-05-13,-0.006835,-0.007686,-0.005055,-0.007661
2024-05-14,0.000604,-0.003829,0.005445,-0.003962
2024-05-15,-0.001103,9.2e-05,-0.003366,0.000187
2024-05-17,-0.001576,-0.014508,0.007642,-0.010233
2024-05-20,0.004389,-0.000546,0.007761,0.003538
2024-05-21,0.001251,-0.00153,0.003292,-0.002149
2024-05-22,-0.003086,0.002375,-0.006898,0.001186
2024-05-23,-0.001761,-0.002352,-0.001387,0.000265
2024-05-24,0.001792,0.008541,-0.003016,0.000663
2024-05-28,0.00023,-0.01225,0.009371,-0.007146
2024-05-29,0.004331,0.007464,0.002083,0.006788
2024-05-30,-0.002614,0.001636,-0.005572,-0.006009
2024-05-31,-0.007021,-0.005428,-0.008174,-0.004172
2024-06-03,0.009316,0.002051,0.01436,0.00645
2024-06-04,0.01078,0.021413,0.003221,0.020505
2024-06-05,0.003685,0.003774,0.00356,0.004731
2024-06-06,0.002169,-0.003922,0.006497,-0.001834
2024-06-07,-0.011986,-0.004821,-0.01731,-0.001777
2024-06-10,0.001561,-7.5e-05,0.002778,0.002217
2024-06-11,0.000568,-0.000649,0.00144,0.001539
2024-06-12,0.005958,0.013307,0.000718,0.008336
2024-06-13,0.004154,0.00326,0.004831,0.007007
2024-06-14,0.010911,0.005842,0.014622,0.009857
2024-06-17,-0.004847,0.006153,-0.012827,0.001685
2024-06-18,-0.004919,-0.014616,0.002072,-0.007939
2024-06-20,0.002467,-0.000171,0.004326,-0.000252
2024-06-21,-0.000243,0.002005,-0.001833,0.003669
2024-06-24,-0.010011,-0.014244,-0.006974,-0.010229
2024-06-25,0.004303,0.009101,0.000866,0.00819
2024-06-26,0.001882,0.004216,0.000265,0.00133
2024-06-27,0.00513,0.009636,0.001973,0.007559
2024-06-28,-0.002035,0.000807,-0.003991,0.000221
2024-07-01,0.002418,0.000159,0.004151,0.00422
2024-07-02,-0.000106,-0.001201,0.000738,-0.001556
2024-07-03,0.003389,-0.003499,0.008495,-0.003052
2024-07-05,0.016454,0.012374,0.019487,0.012518
2024-07-08,-0.001594,-0.002106,-0.001205,-0.00213
2024-07-09,0.002366,0.000229,0.003975,-0.000426
2024-07-10,-0.00128,-0.001826,-0.00077,-0.005168
2024-07-11,-0.00025,0.006735,-0.005201,-0.006607
2024-07-12,-0.00087,0.001784,-0.00292,-0.001737
2024-07-15,0.000118,0.013077,-0.009279,0.007172
2024-07-16,0.000989,0.013147,-0.007764,-0.001116
2024-07-17,-0.004729,0.001835,-0.009301,-0.000765
2024-07-18,0.000108,-0.00099,0.000866,0.001374
2024-07-22,0.005826,0.008324,0.000703,0.007198
2024-07-23,-0.000995,-0.000896,-0.001981,-0.001638
2024-07-24,-0.016459,-0.020449,-0.006654,-0.01648
2024-07-25,-0.012214,-0.01563,-0.006901,-0.013614
2024-07-26,0.00503,-0.001777,0.017871,0.001148
2024-07-29,-0.002964,-2.9e-05,-0.0093,-0.001843
2024-07-30,-0.015391,-0.015997,-0.013499,-0.013711
2024-07-31,0.02584,0.028915,0.01879,0.026855
2024-08-01,-0.023256,-0.023287,-0.0229,-0.023179
2024-08-05,-0.007113,-0.013655,-0.003155,-0.010279
2024-08-06,0.00461,0.007616,0.002719,0.005764
2024-08-07,-0.006986,-0.005368,-0.007885,-0.00723
2024-08-08,0.001391,0.015845,-0.007317,0.008754
2024-08-09,0.004307,0.003404,0.004788,0.002982
2024-08-12,0.002582,0.004728,0.001447,0.002324
2024-08-13,0.006707,0.012001,0.003357,0.011404
2024-08-14,-0.001359,-0.003597,-0.000162,-0.001744
2024-08-15,-0.005127,0.007114,-0.012547,0.000328
2024-08-16,0.006542,0.004898,0.007424,0.004578
2024-08-19,0.004421,0.009861,0.001248,0.010751
2024-08-20,0.008751,0.00461,0.011078,0.008672
2024-08-21,0.002143,0.002264,0.002063,0.003186
2024-08-22,-0.002252,-0.013018,0.004164,-0.01112
2024-08-23,-0.005629,0.002012,-0.009931,-0.004156
2024-08-26,-0.002837,-0.007224,-0.000196,-0.00626
2024-08-27,0.002559,-0.000294,0.004156,0.002056
2024-08-28,-0.002817,-0.015181,0.004553,-0.007647
2024-08-29,-0.004043,0.003794,-0.0087,-0.000912
2024-08-30,8e-06,-0.002312,0.001277,-0.001382
2024-09-03,0.002886,-0.019008,0.015919,-0.003963
2024-09-04,0.006536,0.000955,0.009789,0.005813
2024-09-05,0.005105,0.008907,0.002946,0.009613
2024-09-06,-1.5e-05,-0.014878,0.008949,-0.006252
2024-09-09,0.006036,0.007739,0.004848,0.004361
2024-09-10,0.011706,0.012307,0.011315,0.014451
2024-09-11,0.002127,0.017863,-0.007212,0.011813
2024-09-12,0.003898,0.009341,0.00069,0.007008
2024-09-13,0.004722,0.000619,0.007141,0.002078
2024-09-16,-0.004864,-0.005214,-0.004609,-0.005999
2024-09-17,-0.009043,-0.002936,-0.012633,-0.008275
2024-09-18,-0.003264,-0.00354,-0.003145,-0.005108
2024-09-19,-0.00133,0.01362,-0.010266,0.002588
2024-09-20,-0.000295,0.003742,-0.002633,0.003028
2024-09-23,-0.003517,-0.00159,-0.004565,-0.001802
2024-09-24,-1e-05,0.009394,-0.005508,0.003164
2024-09-25,0.005531,0.003077,0.006838,0.006106
2024-09-26,0.000462,0.004849,-0.002343,0.00531
2024-09-30,-0.009899,0.002277,-0.014637,-0.006488
2024-10-01,-0.006035,-0.008793,-0.004873,-0.0131
2024-10-02,0.006352,0.007884,0.005771,0.007037
2024-10-03,-0.004911,0.00313,-0.008036,-0.00023
2024-10-04,0.008613,0.008978,0.008536,0.005956
2024-10-07,0.002425,0.000371,0.003324,0.003447
2024-10-08,-0.00207,0.010846,-0.007359,0.004393
2024-10-09,0.000736,0.008552,-0.002321,0.005792
2024-10-10,0.00189,0.006662,-6.6e-05,0.004712
2024-10-14,0.003182,0.00373,0.002406,0.007158
2024-10-15,-0.011471,-0.000241,-0.015377,-0.005965
2024-10-16,0.001995,-0.016533,0.004462,0.002884
2024-10-17,0.003661,-0.002948,0.004982,0.001117
2024-10-18,-0.010215,0.000667,-0.012719,-0.011417
2024-10-21,0.001949,-0.005477,0.004183,-0.004117
2024-10-22,-0.000722,0.001976,-0.000369,-0.005455
2024-10-23,-0.00492,-0.004846,-0.004545,-0.000767
2024-10-24,0.00335,0.014094,0.000808,0.008063
2024-10-25,0.00103,-0.004427,0.003114,-0.000876
2024-10-28,0.006697,0.009663,0.004471,0.014256
2024-10-29,0.005989,0.009423,0.004841,0.002059
2024-10-30,0.0047,0.004208,0.005427,0.002523
2024-10-31,-0.002806,-0.007412,-0.00187,-0.005719
2024-11-01,0.00184,-0.010303,0.005113,-0.000929
2024-11-04,-0.005812,0.010906,-0.007876,-0.00314
2024-11-05,0.006377,0.010557,0.0053,0.008087
2024-11-06,0.069763,0.045793,0.073388,0.067225
2024-11-07,-0.008047,-0.01091,-0.008152,-0.009323
2024-11-08,0.001211,-0.00425,0.00207,0.002997
2024-11-11,0.020501,0.028705,0.016903,0.035843
2024-11-12,0.008254,0.005426,0.008589,0.004396
2024-11-13,-0.001972,0.000197,-0.002518,-0.000669
2024-11-14,0.000962,-0.002513,0.002319,-0.002402
2024-11-15,3.3e-05,0.015627,-0.004049,0.006639
2024-11-18,-0.00529,-0.007657,-0.005169,-0.010973
2024-11-19,-0.000453,-0.000292,-0.00051,-0.002068
2024-11-20,-0.000838,0.001204,-0.001148,0.002723
2024-11-21,0.004389,0.001283,0.003845,0.003181
2024-11-22,0.008171,0.003979,0.008957,0.007849
2024-11-25,-0.002911,0.012659,-0.005697,0.014054
2024-11-26,-0.010865,-0.017647,-0.008854,-0.017582
2024-11-27,0.003721,0.013779,0.000322,0.006168
2024-12-02,0.007801,0.010194,0.00215,0.008824
2024-12-03,-0.001142,0.003728,-0.012585,0.001641
2024-12-04,0.004239,0.001595,0.008841,0.002385
2024-12-05,-0.001913,-0.001301,-0.002921,-0.001571
2024-12-09,-0.00441,0.00451,-0.014158,0.002826
2024-12-10,-0.001154,-0.002945,-6e-05,-0.002194
2024-12-11,0.000611,-0.00379,0.006226,-0.001617
2024-12-12,-0.003432,-0.002634,-0.003673,-0.001508
2024-12-13,0.001404,-0.00797,0.007433,-0.005511
2024-12-16,0.011359,-0.002973,0.021668,-0.001324
2024-12-17,0.004422,0.000845,0.006617,0.006219
2024-12-18,-0.008442,-0.002016,-0.014082,-0.001127
2024-12-19,-0.009179,-0.008728,-0.009261,-0.006597
2024-12-23,0.011172,0.00511,0.014899,0.009118
2024-12-24,-0.007372,-0.00922,-0.00722,-0.008948
2024-12-26,0.005796,0.006647,0.005667,0.005895
2024-12-30,-0.003982,-0.014119,0.003027,-0.007307
2024-12-31,0.001001,0.008533,-0.005331,0.003105
2025-01-02,-0.003345,0.003332,-0.009354,-0.00338
2025-01-03,0.008921,0.016023,0.003484,0.008674
2025-01-06,0.00693,-0.002471,0.01373,0.002712
2025-01-07,-0.005125,-0.006377,-0.003269,-0.006271
2025-01-08,-0.009719,-0.011851,-0.00833,-0.004699
2025-01-10,0.000873,-0.010784,0.009911,-0.003775
2025-01-13,0.004439,0.00868,-0.000563,0.007172
2025-01-14,0.005185,0.020522,-0.007771,0.010878
2025-01-15,0.005617,0.006516,0.004006,0.006213
2025-01-16,-0.008383,-0.010168,-0.007453,-0.008551
2025-01-17,0.012989,0.022465,0.005256,0.014664
2025-01-21,-0.001163,-0.002005,-6.7e-05,-0.001316
2025-01-22,-0.000166,-0.01007,0.008857,-0.001581
2025-01-23,-0.005495,-0.00679,-0.004066,-0.005122
2025-01-24,-0.003363,-0.00046,-0.006196,-0.001651
2025-01-27,-0.008222,-0.012047,-0.004647,-0.001936
2025-01-28,0.011591,0.011489,0.012369,0.01265
2025-01-29,-0.000108,0.003288,-0.003492,-0.00128
2025-01-30,-0.007332,0.003594,-0.015809,-0.003533
2025-02-03,-0.009009,-0.010201,-0.007916,-0.007129
2025-02-04,0.013239,0.016554,0.008746,0.013267
2025-02-05,0.000984,-0.004072,0.007996,-0.0009
2025-02-06,0.002313,0.004841,-0.00091,0.000978
2025-02-07,-0.000586,-0.000757,-0.000472,-0.00105
2025-02-10,0.007696,0.014968,-0.002818,0.0121
2025-02-11,-0.015649,-0.017223,-0.013568,-0.014503
2025-02-12,0.01036,0.006353,0.015812,0.006192
2025-02-13,0.00569,0.008573,0.001977,0.006652
2025-02-14,-0.00363,0.004889,-0.015401,0.000537
2025-02-18,-0.000782,0.005034,-0.009093,0.003903
2025-02-19,-0.009188,-0.003832,-0.016685,-0.004191
2025-02-20,0.003778,0.005675,0.001252,0.003118
2025-02-21,-0.018412,-0.021584,-0.013831,-0.01841
2025-02-24,-0.013596,-0.019441,-0.00542,-0.017701
2025-02-25,-0.013841,-0.018598,-0.007085,-0.01649
2025-02-26,0.014112,0.013424,0.015012,0.01194
2025-02-27,-0.025923,-0.029188,-0.021345,-0.025059
2025-03-03,0.010593,-0.006841,0.033494,0.005257
2025-03-04,0.008856,0.009076,0.006909,0.012019
2025-03-05,0.004565,0.020672,-0.017825,0.011041
2025-03-06,-0.005988,-0.011986,0.000597,-0.00703
2025-03-07,-0.002761,-0.003763,-0.001984,-0.003859
2025-03-10,-0.004089,-0.025309,0.020822,-0.010429
2025-03-11,0.00633,0.01325,-0.004172,0.011752
2025-03-12,0.007897,0.015163,0.00064,0.011454
2025-03-13,-0.001437,-0.009558,0.004953,-0.000284
2025-03-14,-0.002965,0.007841,-0.014471,-0.001203
2025-03-17,-0.000797,0.00326,-0.007166,0.000297
2025-03-18,-0.005186,-0.010559,0.000421,-0.00572
2025-03-19,-0.003671,0.003896,-0.011138,-0.0003
2025-03-20,0.00134,-0.001332,0.004563,0.000542
2025-03-21,0.000857,0.00137,0.001168,0.001025
2025-03-24,-0.00173,0.012588,-0.017031,0.00083
2025-03-25,0.001007,0.002069,-0.000129,0.002584
2025-03-26,-0.005511,-0.017914,0.009697,-0.011035
2025-03-27,0.007876,-0.000901,0.018909,0.006529
2025-03-28,-0.00052,-0.020005,0.022158,-0.006578
2025-03-31,-0.005197,-0.015366,0.010524,-0.008193
2025-04-01,0.002498,0.009432,-0.005703,0.002144
2025-04-02,0.000102,0.003516,-0.002598,0.000218
2025-04-03,0.024623,-0.000114,0.051907,0.019788
2025-04-04,0.011994,0.014656,0.01087,0.010989
2025-04-07,-0.000445,0.006202,-0.008822,0.00381
2025-04-08,0.007648,-0.000213,0.018656,0.007291
2025-04-09,-0.012996,0.024024,-0.057755,-0.004565
2025-04-10,0.024951,0.011729,0.039301,0.02461
2025-04-14,0.004901,0.003689,0.006161,0.000757
2025-04-15,0.000807,0.002852,-0.001806,0.000492
2025-04-16,-0.00529,-0.001353,-0.009844,-0.003701
2025-04-17,-0.0086,-0.003751,-0.014716,-0.006431
2025-04-21,0.005707,0.000301,0.012173,-0.000196
2025-04-22,-0.00701,-0.011428,-0.001964,-0.009579
2025-04-23,0.008066,0.004518,0.011917,0.006579
2025-04-24,0.004493,0.002701,0.006493,0.00449
2025-04-25,-0.005955,-0.010075,-0.000624,-0.005499
2025-04-28,-0.000476,0.003715,-0.005601,0.001135
2025-04-29,-0.001337,-0.006903,0.005479,-0.00348
2025-04-30,0.009241,0.004118,0.015464,0.00409
2025-05-01,-0.013178,-0.014509,-0.011138,-0.009316
2025-05-02,0.001919,0.007459,-0.005317,0.004755
2025-05-05,0.007148,0.001824,0.013686,0.001666
2025-05-06,-0.006622,-0.009274,-0.002989,-0.008394
2025-05-07,-0.000413,0.001215,-0.002318,0.001025
2025-05-08,-0.004122,-0.001799,-0.007211,-3.2e-05
2025-05-12,0.031959,0.032141,0.032465,0.035585
2025-05-13,0.016727,0.004582,0.022549,0.010223
2025-05-14,0.008764,0.003145,0.011379,0.005924
2025-05-15,-0.0142,-0.008598,-0.016548,-0.011046
2025-05-16,-0.000362,0.002877,-0.001362,-0.0001
2025-05-19,-0.000541,0.005838,-0.00317,0.001357
2025-05-20,-0.01084,-0.020709,-0.005921,-0.013897
2025-05-21,-0.003289,-0.012687,0.001424,-0.008731
2025-05-22,0.011164,0.014774,0.009625,0.01338
2025-05-23,-0.014969,-0.014167,-0.016753,-0.016074
2025-05-27,0.011016,0.000639,0.016723,0.00654
2025-05-28,0.000153,0.007073,-0.003662,0.001895
2025-05-29,-0.005159,0.002865,-0.008962,-0.000131
2025-05-30,-0.00531,-0.004686,-0.00538,-0.004868
2025-06-02,-0.007223,-0.004731,-0.009782,-0.010255
2025-06-03,0.009167,0.002187,0.012302,0.005717
2025-06-04,-0.004057,-0.007823,-0.001833,-0.005002
2025-06-05,-0.004376,-0.00237,-0.005886,-0.00332
2025-06-06,0.01412,0.006978,0.01769,0.012668
2025-06-09,0.005731,0.006233,0.005571,0.006993
2025-06-10,0.003362,0.014834,-0.00235,0.00848
2025-06-11,-0.000627,0.002103,-0.00355,-0.001656
2025-06-12,-0.007065,0.001422,-0.011807,-0.005617
2025-06-13,-0.005594,0.009371,-0.015387,-0.004043
2025-06-17,-0.003794,-0.001264,-0.007522,-0.003842
2025-06-18,-0.003752,-0.003521,-0.004255,-0.004234
2025-06-20,-0.001527,0.004569,-0.008481,-0.000597
2025-06-24,0.005065,0.024085,-0.005964,0.010943
2025-06-25,0.004164,0.016638,-0.003318,0.004636
2025-06-26,-0.005145,0.005329,-0.011338,-0.000857
2025-06-27,-0.004729,-0.009572,-0.001819,-0.004861
2025-06-30,0.011784,0.018608,0.007807,0.011978
2025-07-01,-0.008263,-0.003861,-0.010461,-0.005928
2025-07-02,-0.006242,-0.000176,-0.009938,-0.003217
2025-07-03,0.00027,0.008581,-0.004587,0.002462
2025-07-07,0.001889,-0.004389,0.005516,-0.000386
2025-07-08,-0.010398,-0.005891,-0.012942,-0.008214
2025-07-09,0.013553,0.020912,0.009339,0.015054
2025-07-10,-0.011506,-0.00804,-0.013577,-0.008129
2025-07-11,-1.1e-05,-0.0067,0.003643,-0.004023
2025-07-15,0.012353,0.018245,0.006972,0.012625
2025-07-16,-0.001053,0.003353,-0.006232,0.00011
2025-07-17,0.00433,-0.001927,0.011073,0.001915
2025-07-18,0.00123,0.001823,0.001383,-0.000331
2025-07-21,0.012889,0.010415,0.016265,0.013636
2025-07-22,-0.001661,-0.007918,0.008686,-0.007097
2025-07-23,0.001093,0.002023,-0.003142,0.004267
2025-07-24,0.003602,0.007972,-0.001639,0.003866
2025-07-25,-0.001303,0.002737,-0.006945,9.9e-05
2025-07-28,-0.001844,-0.007871,0.002038,-0.001136
2025-07-29,-0.008308,-0.000656,-0.017292,-0.006494
2025-07-30,-0.001318,0.002549,-0.007454,0.002783
2025-07-31,0.001527,0.005983,-0.004356,0.002327
2025-08-01,-0.006264,-0.000297,-0.009815,-0.007062
2025-08-04,0.014046,0.014048,0.013057,0.016484
2025-08-05,0.002178,-0.002249,0.008962,-0.000383
2025-08-06,0.006359,0.014648,-0.003907,0.010976
2025-08-07,0.008863,0.004928,0.018136,0.007259
2025-08-08,0.003241,-1.6e-05,0.007658,0.003824
2025-08-11,-0.001192,-0.003451,0.002114,-0.000803
2025-08-12,0.005599,-0.006624,0.016347,0.005373
2025-08-13,-0.005421,-0.011557,0.001769,-0.008229
2025-08-14,-0.004633,-0.004879,-0.005523,-0.004064
2025-08-15,0.003809,0.003156,0.007423,-0.001709
2025-08-19,-0.001294,-0.000783,-0.003077,-0.006384
2025-08-20,0.00318,0.009112,-0.003699,0.004347
2025-08-21,-0.003389,-0.001443,-0.004729,-0.002098
2025-08-22,-0.005088,-0.018935,0.010309,-0.012384
2025-08-26,0.006076,0.002401,0.012877,0.004695
2025-08-27,-0.004107,-0.000358,-0.012814,-0.001394
2025-08-28,0.007731,0.009468,0.003968,0.00787
2025-08-29,-0.006003,-0.008255,0.000405,-0.005916
2025-09-02,-0.001971,-0.000939,-0.003811,-0.001337
2025-09-03,0.007585,0.008588,0.005732,0.008478
2025-09-04,-0.003197,-0.003084,-0.003975,-0.003649
2025-09-05,0.017229,0.014544,0.024798,0.014421
2025-09-08,0.008183,0.010289,0.002716,0.01068
2025-09-09,0.000715,0.005878,-0.010807,0.004522
2025-09-10,0.008147,0.009041,0.00438,0.007519
2025-09-11,0.002551,-0.004172,0.015846,-0.00057
2025-09-12,0.004025,0.005385,0.001933,0.004891
2025-09-16,-0.005922,-0.000942,-0.007465,-0.00284
2025-09-17,-0.003389,-0.005664,-0.002652,-0.000833
2025-09-18,1e-05,-0.011252,0.005337,-0.001397
2025-09-19,0.006407,-0.018653,0.019423,-0.007678
2025-09-22,0.007377,-0.014074,0.018468,-0.001812
2025-09-23,-0.005,0.005889,-0.010115,-0.001664
2025-09-24,-0.006793,-0.00668,-0.007219,-0.003939
2025-09-25,-0.004324,-0.014283,0.001058,-0.010611
2025-09-26,0.003836,0.007431,0.002542,0.004474
2025-09-29,0.00898,-0.005605,0.016346,0.000249
2025-09-30,0.001098,-0.002474,0.003193,-0.003401
2025-10-01,-0.003179,-0.019966,0.004057,-0.008746
2025-10-02,0.00281,-0.009556,0.007942,-0.000878
2025-10-03,-0.002525,-0.007262,-0.000917,-0.003087
2025-10-07,-0.000128,-0.001338,0.001164,-0.002146
2025-10-08,0.008502,0.002451,0.01125,0.006098
2025-10-09,0.003,0.006705,0.000689,0.001056
2025-10-10,0.004522,0.016125,-0.002757,0.008219
2025-10-13,-7.7e-05,-0.015103,0.00882,-0.006654
2025-10-14,-0.002792,0.007425,-0.008405,0.002192
2025-10-15,0.001846,-0.005206,0.005669,-0.005431
2025-10-16,0.010761,0.016029,0.006154,0.012968
2025-10-17,-0.000741,0.013189,-0.008758,0.005004
2025-10-21,-0.010444,0.029255,-0.031733,0.01485
2025-10-22,-0.002348,-0.002944,-0.000415,0.000895
2025-10-23,-0.00355,0.005043,-0.00852,-0.00075
2025-10-24,-0.002117,-0.005828,-0.001307,-0.003758
2025-10-27,0.000732,0.013163,-0.006125,0.009121
2025-10-28,0.001125,-0.012246,0.008065,-0.006863
2025-10-29,-0.008869,-0.023317,-0.000872,-0.011891
2025-10-30,0.000832,-0.001635,0.003462,-0.000662
2025-10-31,-0.003274,0.00405,-0.007621,0.002939
2025-11-04,0.002552,0.000675,0.003363,0.006912
2025-11-05,0.003324,0.020393,-0.004864,0.002895
2025-11-06,0.007368,-0.005567,0.013249,0.008996
2025-11-07,-0.004288,0.007557,-0.010094,-0.000281
2025-11-10,0.001352,-0.000634,0.002301,-0.00136
2025-11-11,0.001413,-0.010971,0.007212,0.003863
2025-11-12,0.016824,0.0322,0.009366,0.020344
2025-11-13,0.002535,-0.007865,0.007258,0.005353
2025-11-14,-0.003071,-0.018402,0.004338,-0.007377
2025-11-17,0.00408,-0.001818,0.006997,0.003551
2025-11-18,-0.0067,-0.001712,-0.009226,-0.00385
2025-11-19,0.005965,0.002646,0.007536,0.002933
2025-11-20,0.003575,0.008796,0.000923,0.009701
2025-11-21,0.000562,0.003479,-0.000731,0.00405
2025-11-24,0.003032,0.003157,0.003068,-0.001765
2025-11-25,0.003934,0.016538,-0.001913,0.009659
2025-11-26,-0.001043,0.006703,-0.00483,-0.001225
2025-11-28,-0.002013,0.000481,-0.003412,-0.00478
2025-12-01,0.003702,-0.005055,0.007508,-0.000966
2025-12-02,0.001473,0.007622,-0.001322,0.001834
2025-12-03,-0.001129,-0.008299,0.002233,-0.001503
2025-12-04,-0.005595,-0.010089,-0.00332,-0.009532
2025-12-05,0.003348,-0.002427,0.005938,0.00084
2025-12-08,0.005656,0.01559,0.00113,0.005576
2025-12-09,-0.001282,0.014995,-0.00916,7.2e-05
2025-12-10,0.005214,0.005084,0.005242,0.007304
2025-12-11,0.008528,0.032925,-0.003088,0.013247
2025-12-12,0.007375,0.015266,0.003507,0.016079
2025-12-15,0.015266,0.023551,0.011184,0.017923
2025-12-16,0.00341,0.019409,-0.004137,0.005232
2025-12-17,-0.004289,-0.00761,-0.003203,-0.001154
2025-12-18,0.004946,0.012927,0.001413,0.002259
2025-12-19,0.000984,-0.001787,0.002412,-0.002349
2025-12-22,0.007795,0.012084,0.005712,0.007194
2025-12-23,-0.001434,-0.010329,0.002545,-0.004472
2025-12-24,0.005747,0.008818,0.004368,0.004364
2025-12-26,0.005875,0.017356,0.000101,0.008127
2025-12-29,-0.010469,-0.031099,-0.000403,-0.012869
2025-12-30,0.003025,-0.000248,0.004384,0.00169
2025-12-31,0.000466,0.000951,0.00041,0.001241
2026-01-02,-0.002349,0.001836,-0.004191,-0.004985
2026-01-05,0.000196,0.018147,-0.008598,0.000746
2026-01-06,0.01756,0.026714,0.013341,0.017472
2026-01-07,0.001511,-0.016372,0.010178,-0.001382
2026-01-08,-0.010651,-0.007568,-0.012263,-0.005624
2026-01-09,0.008846,0.02202,0.002596,0.009499
2026-01-13,-0.000936,-0.007906,0.0043,-0.001482
2026-01-14,-0.00276,-0.01382,0.005238,-0.010055
2026-01-15,0.001414,-0.000656,0.00282,0.000614
2026-01-16,-0.001118,-0.006712,0.003121,-0.002725
2026-01-20,-0.007031,-0.011576,-0.001911,-0.011614
2026-01-21,-0.008241,-0.001265,-0.010245,-0.00723
2026-01-22,0.017701,0.017493,0.01837,0.011066
2026-01-23,0.010091,0.002689,0.013507,0.009595
2026-01-27,-0.000528,-0.009471,0.015639,-0.004806
2026-01-28,-0.005725,-0.013149,0.007984,-0.007309
2026-01-29,0.002589,-0.004844,0.01146,0.001511
2026-01-30,0.017057,0.028152,-0.007693,0.020592
2026-02-02,0.014785,0.024281,-0.003024,0.020453
2026-02-03,-0.020398,-0.040272,0.011086,-0.029364
2026-02-04,-0.009878,-0.014385,-0.004594,-0.011324
2026-02-05,-0.002205,-0.000839,-0.011652,0.00168
2026-02-06,0.009405,0.008566,0.014164,0.006526
2026-02-09,-0.002988,-0.008311,0.008415,-0.006631
2026-02-10,-0.007151,0.000683,-0.02267,-0.002435
2026-02-11,-0.012829,-0.025752,0.005778,-0.020105
2026-02-12,-0.00684,-0.000204,-0.020514,-0.004722
2026-02-13,-0.004706,-0.004813,-0.00437,-0.005951
2026-02-17,-0.00957,-0.007537,-0.013744,-0.008314
2026-02-18,0.009046,0.009023,0.009142,0.007941
2026-02-19,0.002495,0.000804,0.006131,0.001592
2026-02-20,0.005338,0.001377,0.013152,0.002464
2026-02-24,-0.000885,0.005724,-0.004608,0.002245
2026-02-25,0.004928,0.025349,-0.008614,0.010196
2026-02-26,0.004371,0.007888,0.001527,0.005895
2026-02-27,0.008805,-0.016066,0.027414,-0.007068
2026-03-02,-0.012011,-0.002847,-0.017855,-0.011757
2026-03-03,-0.00661,0.012748,-0.019152,0.006716
2026-03-04,0.009467,0.019318,0.003501,0.01337
2026-03-05,0.00375,0.011435,0.000195,0.006475
2026-03-06,-0.001917,-0.016923,0.009295,-0.011695
2026-03-09,0.004114,0.004092,0.004142,0.003931
2026-03-10,-0.000983,-0.004489,0.000858,-0.006865
2026-03-11,-0.009222,-0.005438,-0.01062,-0.00722
2026-03-12,-0.008816,-0.016817,-0.002438,-0.015235
2026-03-13,-0.003374,-0.001238,-0.003998,0.002054
2026-03-17,0.009071,0.005568,0.011982,0.007053
2026-03-18,0.009609,-0.004496,0.021582,-0.001403
2026-03-19,0.013156,0.002834,0.021622,0.007519
2026-03-20,0.014906,0.009247,0.019951,0.00494
2026-03-23,0.002518,0.019847,-0.012557,0.021474
2026-03-24,0.001258,0.005796,-0.002855,0.003683
2026-03-25,-0.008846,-0.003847,-0.013096,-0.004855
2026-03-26,0.005773,-0.003193,0.01308,-0.007824
2026-03-27,-0.013823,-0.010625,-0.016364,-0.014202
2026-03-30,-0.00083,-0.002593,0.000933,-0.006268
2026-03-31,-0.005133,0.007876,-0.016318,0.011709
2026-04-01,-0.004057,0.006507,-0.013221,0.006332
2026-04-02,0.011197,-0.0048,0.025061,0.000113
2026-04-06,0.006856,0.005827,0.007827,0.007153
2026-04-07,0.003491,-0.001622,0.007879,0.000504
2026-04-08,-0.004376,0.019587,-0.025332,0.020705
2026-04-09,-0.001645,0.003038,-0.005817,0.001707
2026-04-10,-0.002143,-0.003113,-0.001226,0.001833
2026-04-13,0.011244,0.008665,0.013761,0.011818
2026-04-14,-0.004615,0.003162,-0.01129,0.004526
2026-04-15,0.011975,0.002627,0.020151,0.00738
2026-04-16,0.005148,-0.005205,0.014129,-0.000577
2026-04-17,-0.008594,0.01374,-0.028164,0.010434
2026-04-21,-0.012409,-0.003905,-0.013726,-0.012851
2026-04-22,0.028186,0.046895,0.025255,0.036208
2026-04-23,-0.019652,-0.008827,-0.021401,-0.019828
2026-04-24,0.018633,0.005236,0.020772,0.012098
2026-04-27,-0.000433,0.003016,-0.000955,0.001861
2026-04-28,-0.025211,-0.013131,-0.027123,-0.023265
2026-04-29,-0.00269,-0.00568,-0.002141,-0.004977
2026-04-30,0.010138,0.003957,0.011162,0.01216
2026-05-01,0.011049,0.004669,0.01206,0.006038
2026-05-04,-0.000689,0.018708,-0.003744,0.003402
2026-05-05,0.011612,0.001714,0.013139,-0.000691
2026-05-06,0.03582,-0.012189,0.043517,0.021976
2026-05-07,-0.003457,0.008208,-0.005451,0.003147
2026-05-08,0.026361,0.037672,0.024486,0.017636
2026-05-11,0.018003,0.037905,0.014883,0.029162
2026-05-12,-0.016083,-0.002459,-0.018245,-0.008387
2026-05-13,0.011845,0.016573,0.011062,0.011064
2026-05-14,-0.007087,-0.000745,-0.008179,-0.013773
2026-05-15,-0.028199,-0.009078,-0.031332,-0.022779
2026-05-19,0.002375,0.006156,0.000916,0.001866
2026-05-20,-0.001737,0.006634,-0.011684,-0.000225
2026-05-21,-0.001564,0.000911,-0.00445,-0.001095
2026-05-22,0.004383,0.004357,0.005833,0.002405
2026-05-26,-0.00097,-0.005375,0.002568,-0.002625
2026-05-27,-0.000829,0.008712,-0.011854,0.001507
2026-05-28,-0.002784,-0.009939,0.003509,-0.006449
2026-05-29,0.001891,-0.007401,0.011793,0.002181
2026-06-01,0.024104,0.018121,0.034188,0.025276
2026-06-03,0.004526,0.016531,-0.005655,0.017621
2026-06-04,0.005337,0.019088,-0.012703,0.010567
2026-06-05,0.002288,0.03198,-0.034837,0.024964
2026-06-08,-0.001318,-0.010663,0.012463,-0.007383
2026-06-09,0.005084,0.012356,-0.004022,0.006785
2026-06-10,-0.016613,0.006036,-0.038694,-0.00127
2026-06-11,0.019562,-0.013864,0.054088,-0.007411
2026-06-12,0.003703,-0.00025,0.009927,0.000594
2026-06-15,0.015595,-0.008046,0.040561,-0.003638
2026-06-16,-3.9e-05,0.009414,-0.014259,0.0046
2026-06-17,0.00597,0.004102,0.007386,0.002536
2026-06-18,0.00255,-0.022328,0.029497,-0.013556
2026-06-22,0.006936,0.012535,0.004731,0.012067
2026-06-23,-0.006255,0.012592,-0.032172,0.007531
2026-06-24,0.003907,-0.002688,0.008014,0.000457
2026-06-25,0.011041,0.012199,0.013144,0.014769
2026-06-26,-0.003684,0.008248,-0.021444,0.000267
2026-06-29,0.004687,-0.006301,0.01686,-0.002997
2026-06-30,0.01154,-0.001795,0.028204,0.005312
2026-07-01,-0.002876,0.007877,-0.018381,0.002804
2026-07-02,0.00472,0.028092,-0.024434,0.019972
2026-07-06,0.002524,-0.004422,0.011612,-0.002819
2026-07-07,-0.011101,0.018543,-0.042827,0.011375
2026-07-08,-0.006763,-0.008562,-0.001773,-0.006884
2026-07-09,0.00913,-0.011164,0.029966,-0.00706
2026-07-10,-0.004661,-0.005976,-0.002408,-0.005723
2026-07-13,-0.012344,0.010397,-0.034978,0.005532
2026-07-14,-0.00351,-0.012435,0.008767,-0.007954
2026-07-15,-0.005245,-0.001406,-0.010406,-0.004508
2026-07-16,0.001144,0.015869,-0.015725,0.015475
2026-07-17,-0.003586,0.009068,-0.01709,0.006426
2026-07-20,-0.005838,-0.008348,-0.002128,-0.009958
2026-07-21,0.004176,-0.006081,0.018068,-0.002278
2026-07-22,-0.00217,0.001182,-0.004243,0.002245
