date,r_base,r_logic
2016-10-04,0.015948,0.017438
2016-10-05,0.009883,-0.023953
2016-10-06,0.007358,-0.001346
2016-10-07,-0.003667,0.02446
2016-10-10,-0.000364,-0.011077
2016-10-11,0.002087,0.000184
2016-10-12,-0.003279,0.007082
2016-10-13,-0.009533,-0.019392
2016-10-14,0.004637,0.004015
2016-10-17,-0.003902,-0.004619
2016-10-18,-0.002666,-0.004487
2016-10-19,0.00938,-0.004501
2016-10-20,0.000842,-0.000517
2016-10-21,0.003142,0.007827
2016-10-24,0.004978,0.028399
2016-10-25,-0.00274,0.007017
2016-10-26,0.00663,0.009358
2016-10-27,0.004676,0.007861
2016-10-28,-0.005691,0.007117
2016-10-31,-0.004048,0.014994
2016-11-01,-0.001717,-0.002402
2016-11-02,-0.001372,-0.005524
2016-11-03,0.010178,0.02461
2016-11-04,-0.006457,0.005581
2016-11-07,0.013699,0.005517
2016-11-08,0.002186,-0.013934
2016-11-09,0.016394,0.095681
2016-11-10,0.020914,0.043014
2016-11-11,0.020907,0.019918
2016-11-14,0.008849,0.022988
2016-11-15,0.007031,-0.007577
2016-11-16,-0.000699,-0.004615
2016-11-17,0.007697,0.022419
2016-11-18,0.005197,0.008301
2016-11-21,0.005675,0.016633
2016-11-22,0.006623,-0.005816
2016-11-23,0.007327,-0.011626
2016-11-25,-0.008633,-0.01279
2016-11-28,-0.01365,-0.013132
2016-11-29,-0.002643,0.02173
2016-11-30,0.029382,0.006637
2016-12-01,0.007958,0.021263
2016-12-02,-0.005049,-0.001553
2016-12-05,0.002173,-0.00817
2016-12-06,0.003002,-0.001938
2016-12-07,0.004248,-0.005165
2016-12-08,0.00355,-0.002344
2016-12-09,0.002417,0.007464
2016-12-12,-0.006788,0.003985
2016-12-13,0.001898,0.005225
2016-12-14,0.002148,0.015212
2016-12-15,0.014432,0.004924
2016-12-16,-0.007312,-0.017751
2016-12-20,0.001036,-0.000237
2016-12-21,-0.002773,0.003347
2016-12-22,-0.005614,-0.009379
2016-12-23,-0.005349,0.001032
2016-12-27,0.00677,0.012111
2016-12-28,-0.001063,0.005163
2016-12-29,0.007763,0.02052
2016-12-30,-0.009794,-0.018363
2017-01-03,0.013867,0.01969
2017-01-04,0.00724,0.007323
2017-01-05,0.014139,0.035366
2017-01-06,-0.004282,-0.016811
2017-01-09,0.007337,0.006764
2017-01-10,0.004466,0.016658
2017-01-11,0.002405,-0.001373
2017-01-12,1.5e-05,0.005024
2017-01-13,0.004658,0.006365
2017-01-17,0.004057,0.008415
2017-01-19,0.001196,-0.004479
2017-01-20,-0.000534,0.003147
2017-01-23,0.000707,-0.011216
2017-01-24,-0.00254,-0.005099
2017-01-25,-0.001168,-0.001804
2017-01-26,-0.003244,-0.000778
2017-01-27,0.00966,0.002497
2017-01-30,0.003643,0.00803
2017-01-31,0.007285,0.013832
2017-02-01,0.006433,0.00194
2017-02-02,-2e-06,-0.003465
2017-02-03,0.001727,0.0222
2017-02-06,0.010464,0.001703
2017-02-07,0.000609,-0.011651
2017-02-08,1.1e-05,0.000529
2017-02-09,-0.002359,0.007062
2017-02-10,0.000828,0.009355
2017-02-13,0.006541,0.010594
2017-02-14,0.001991,0.008892
2017-02-15,0.003564,0.006335
2017-02-16,0.004816,0.006398
2017-02-17,-0.002617,0.001088
2017-02-21,-0.001274,0.019792
2017-02-22,0.000383,-0.003176
2017-02-23,-0.003914,-0.002108
2017-02-24,-0.001222,-0.005429
2017-02-27,-0.001262,0.016985
2017-02-28,0.002891,-0.006467
2017-03-01,0.006962,0.007642
2017-03-02,-0.010616,-0.005699
2017-03-03,0.005689,-8.8e-05
2017-03-06,-0.006391,-0.011715
2017-03-07,-0.004295,-0.000531
2017-03-08,0.003119,-0.006522
2017-03-09,-0.000518,-0.003532
2017-03-10,0.002871,-0.007794
2017-03-13,0.000491,-0.002668
2017-03-15,0.004144,0.042735
2017-03-16,0.000838,0.006298
2017-03-17,0.001147,-0.002443
2017-03-20,0.001363,-0.012422
2017-03-21,0.011406,0.01895
2017-03-22,0.00253,0.014317
2017-03-23,-0.002073,-0.010292
2017-03-24,0.002618,-0.004297
2017-03-27,0.005084,0.014902
2017-03-28,-0.011077,-0.017398
2017-03-29,-0.003789,-0.004511
2017-03-30,-0.006531,-0.007781
2017-03-31,0.00371,0.011839
2017-04-03,0.003819,0.015647
2017-04-04,-0.00431,-0.017643
2017-04-05,0.002135,0.005082
2017-04-06,-0.005931,-0.002971
2017-04-07,0.001782,0.006224
2017-04-10,-0.00189,0.007072
2017-04-11,0.004354,0.029458
2017-04-12,0.009905,0.00538
2017-04-13,0.009628,-0.000907
2017-04-18,-0.005185,-0.007199
2017-04-19,2.9e-05,0.003893
2017-04-20,0.004439,0.014626
2017-04-21,0.000799,0.002534
2017-04-24,0.001472,0.010352
2017-04-25,-0.007621,0.000638
2017-04-26,-0.002299,-0.00825
2017-04-27,-0.00149,0.001048
2017-04-28,0.005212,0.001432
2017-05-01,-0.001471,0.007122
2017-05-02,0.000609,0.000788
2017-05-03,-0.000273,0.001514
2017-05-04,0.003749,0.008163
2017-05-05,-0.009092,-0.013365
2017-05-08,-0.004316,-0.0019
2017-05-09,0.003086,-0.001842
2017-05-10,-0.003536,-0.003379
2017-05-11,0.007865,0.00233
2017-05-12,0.003665,-0.000247
2017-05-15,0.000833,0.004724
2017-05-16,0.008364,0.013191
2017-05-17,0.001021,-0.013761
2017-05-18,-0.003761,0.001782
2017-05-19,-0.004368,-0.002186
2017-05-22,0.002149,-0.001118
2017-05-23,0.000119,0.007323
2017-05-24,0.004088,0.000577
2017-05-25,0.008393,0.010189
2017-05-26,0.000642,0.000699
2017-05-30,0.00157,0.005008
2017-05-31,0.002637,0.00282
2017-06-01,-0.002705,0.000134
2017-06-02,0.004876,0.000358
2017-06-05,0.000604,0.003618
2017-06-06,0.002679,-0.004944
2017-06-07,0.008262,0.013379
2017-06-08,0.000355,0.005727
2017-06-09,-0.005596,-0.006342
2017-06-12,-0.00275,-0.001538
2017-06-13,-0.003567,-0.000322
2017-06-14,0.001855,0.000599
2017-06-15,0.001522,-0.003411
2017-06-16,-0.001649,-0.000714
2017-06-19,0.005705,0.013786
2017-06-20,0.002787,-0.004742
2017-06-21,0.011747,0.005056
2017-06-22,0.001742,-0.005589
2017-06-23,-0.002254,-0.006586
2017-06-26,-0.006562,-0.009125
2017-06-27,-0.002739,-0.00492
2017-06-28,0.001695,0.006366
2017-06-29,-0.002031,0.002757
2017-06-30,-0.003621,-0.004622
2017-07-03,-0.005762,0.002145
2017-07-05,0.017731,0.023764
2017-07-06,0.001162,0.001722
2017-07-07,-0.002843,0.005439
2017-07-10,7.7e-05,0.004265
2017-07-12,0.00579,0.003909
2017-07-13,-0.001809,-0.009376
2017-07-14,0.004412,0.010603
2017-07-17,0.00467,0.011092
2017-07-18,0.006757,0.008329
2017-07-19,0.003054,0.003179
2017-07-20,0.000542,0.007008
2017-07-21,0.002641,0.009053
2017-07-24,0.000687,-0.01058
2017-07-25,-0.000542,-0.009856
2017-07-26,0.007636,0.018079
2017-07-27,-0.007176,-0.002979
2017-07-28,0.001575,0.006336
2017-07-31,0.00191,-0.000847
2017-08-01,0.000252,-0.00268
2017-08-02,-0.00568,-0.008122
2017-08-03,0.003394,0.006093
2017-08-04,-0.006552,-0.020152
2017-08-07,0.005557,0.004678
2017-08-08,0.001384,0.003529
2017-08-09,0.00235,0.013032
2017-08-10,-0.005583,0.019985
2017-08-11,0.002262,0.000268
2017-08-14,0.001006,-0.008691
2017-08-15,-0.003011,-0.009962
2017-08-16,0.010234,0.015128
2017-08-17,-0.001009,0.012627
2017-08-18,0.000718,-0.006214
2017-08-21,-0.000468,0.006213
2017-08-22,0.003698,-0.008788
2017-08-23,0.003362,0.007055
2017-08-24,0.004636,0.007123
2017-08-25,-0.002061,-0.003832
2017-08-28,0.010181,0.024539
2017-08-29,0.003451,0.005444
2017-08-30,0.00439,-0.001002
2017-08-31,0.0022,0.004708
2017-09-01,-0.000347,-0.003606
2017-09-05,0.005913,0.024504
2017-09-06,-0.003238,-0.009016
2017-09-07,0.012112,0.028558
2017-09-11,0.013414,0.022958
2017-09-12,0.007992,0.008031
2017-09-13,0.011105,0.019069
2017-09-14,-0.003905,-0.002363
2017-09-15,0.004086,0.004686
2017-09-18,0.008111,0.010256
2017-09-19,0.000862,0.002162
2017-09-20,0.011151,0.014406
2017-09-21,0.006363,0.00866
2017-09-22,0.00116,-0.002062
2017-09-25,0.001803,0.001798
2017-09-26,0.006895,0.01015
2017-09-27,0.011885,0.011224
2017-09-28,-0.001939,-0.005494
2017-09-29,0.002798,0.001366
2017-10-02,0.001734,-0.005049
2017-10-03,0.001578,0.002301
2017-10-04,-0.009704,-0.011826
2017-10-05,0.007315,0.011345
2017-10-06,-0.003894,-0.008933
2017-10-09,-0.001406,-0.003173
2017-10-10,0.001608,0.010428
2017-10-11,-0.001354,-0.003045
2017-10-12,-0.007418,-0.005907
2017-10-13,0.001137,0.000248
2017-10-16,0.004364,0.00946
2017-10-17,-0.00137,-0.002387
2017-10-18,0.002494,0.00341
2017-10-19,-0.007263,-0.012931
2017-10-20,0.006537,0.009886
2017-10-23,-0.00677,-0.00723
2017-10-24,0.008581,0.009581
2017-10-25,-0.002763,-0.003655
2017-10-26,0.00856,0.012955
2017-11-09,-0.003281,-0.007266
2017-11-10,0.001546,-0.001865
2017-11-13,-0.002122,5.1e-05
2017-11-14,-0.005711,-0.00202
2017-11-15,0.001711,0.011837
2017-11-16,0.001438,0.006538
2017-11-17,0.002801,0.004977
2017-11-20,0.006876,0.006745
2017-11-21,-0.00023,0.001798
2017-11-22,-0.001008,0.002916
2017-11-24,0.002172,0.000758
2017-11-27,-0.005524,-0.003478
2017-11-28,0.007939,0.013813
2017-11-29,0.007452,0.019509
2017-11-30,0.005755,0.010608
2017-12-01,0.0012,-0.003438
2017-12-04,0.012616,0.026512
2017-12-05,-0.000243,-0.003778
2017-12-06,-0.001827,-0.000818
2017-12-07,0.009206,0.011821
2017-12-08,-0.002231,-0.0031
2017-12-11,0.001973,-0.003927
2017-12-12,0.002165,0.010823
2017-12-13,-0.010652,-0.002028
2017-12-14,-0.001431,-0.008769
2017-12-15,0.004286,0.013823
2017-12-18,0.005129,0.004567
2017-12-19,0.006227,0.012952
2017-12-20,0.005514,0.010858
2017-12-21,0.007155,0.009781
2017-12-22,-0.004579,-0.005982
2017-12-26,0.000834,0.004832
2017-12-27,-0.00651,-0.013772
2017-12-28,-0.004408,-0.013756
2017-12-29,-0.004094,-0.007736
2018-01-02,0.002781,0.006373
2018-01-03,0.005188,-0.003426
2018-01-04,0.009547,0.020315
2018-01-05,0.001632,0.005689
2018-01-08,0.003205,-0.004617
2018-01-09,-0.001312,-0.001257
2018-01-10,0.008413,0.020411
2018-01-11,0.008099,0.004823
2018-01-12,0.000361,0.004759
2018-01-16,-0.00455,-0.001461
2018-01-17,0.001848,-0.005261
2018-01-18,0.001145,0.003639
2018-01-19,0.002154,0.009736
2018-01-22,0.001987,0.003162
2018-01-23,-0.002671,-0.011697
2018-01-24,-0.007528,-0.000637
2018-01-25,-0.006393,-0.009955
2018-01-26,0.001985,0.002826
2018-01-29,0.001785,0.004904
2018-01-30,-0.005303,-0.006656
2018-01-31,0.001896,0.002726
2018-02-01,0.012385,0.021212
2018-02-02,-0.005951,-0.008191
2018-02-05,-0.007267,-0.004838
2018-02-06,0.009614,0.011288
2018-02-07,0.000826,0.010019
2018-02-08,-0.01047,-0.010092
2018-02-09,0.00156,0.002702
2018-02-12,0.003547,0.008147
2018-02-13,-0.002454,-0.003691
2018-02-14,0.007876,0.020311
2018-02-15,-0.004184,-0.004424
2018-02-16,0.000774,-0.002562
2018-02-20,0.006825,-0.006071
2018-02-21,0.002092,0.010125
2018-04-04,-0.002158,0.005624
2018-04-05,0.006864,0.004218
2018-04-06,-0.01239,-0.02036
2018-04-09,-0.00138,0.00206
2018-04-10,0.012673,0.012054
2018-04-11,-0.000994,-0.01017
2018-04-12,0.013631,0.023824
2018-04-13,-0.006429,-0.017306
2018-04-16,0.002768,0.002592
2018-04-17,-0.004324,-0.0029
2018-04-18,0.005983,-0.001191
2018-04-19,0.006281,0.005743
2018-04-20,0.001998,0.005256
2018-04-23,0.006417,0.006809
2018-04-24,-0.008809,-0.010693
2018-04-25,0.002567,-0.001143
2018-04-26,-0.002542,-0.001362
2018-04-27,-0.005701,-0.002302
2018-04-30,0.003705,-0.002206
2018-05-01,0.000385,0.008101
2018-05-02,0.001585,-0.00217
2018-05-03,-0.002084,-0.003662
2018-05-04,0.006151,0.007099
2018-05-07,0.000348,0.002516
2018-05-08,0.009889,0.010484
2018-05-09,0.007923,0.007795
2018-05-10,-0.00549,-0.003622
2018-05-11,-0.002933,0.001094
2018-05-14,0.001192,0.002419
2018-05-15,0.011774,0.009675
2018-05-16,0.005186,0.007174
2018-05-17,0.003995,-0.000102
2018-05-21,-0.002971,-0.001378
2018-05-22,0.00063,0.003344
2018-05-23,0.006908,0.008588
2018-05-24,0.006052,0.01014
2018-05-25,0.008906,0.012566
2018-05-29,0.005553,0.001969
2018-05-30,-0.007642,-0.010251
2018-05-31,0.003326,-0.000852
2018-06-01,0.001139,-0.002254
2018-06-04,0.002528,0.011318
2018-06-05,-0.001608,-0.000692
2018-06-06,-0.003808,-0.00347
2018-06-07,-0.007272,-0.00434
2018-06-08,0.003637,0.009476
2018-06-11,-0.001862,-0.003275
2018-06-12,0.004929,0.002666
2018-06-13,0.000324,-0.006682
2018-06-14,0.006944,0.005261
2018-06-15,0.000163,0.00347
2018-06-18,-0.004114,-0.007423
2018-06-19,0.000684,0.001435
2018-06-20,-0.002603,-0.007282
2018-06-21,0.000678,0.009586
2018-06-22,-0.005515,-0.005281
2018-06-25,0.002854,0.014224
2018-06-26,-0.002815,-0.007668
2018-06-27,-0.007744,-0.00795
2018-06-28,0.003286,0.003152
2018-06-29,0.005129,0.00643
2018-07-02,0.002974,0.003376
2018-07-03,0.003115,0.004095
2018-07-06,-0.002038,0.000434
2018-07-09,0.004175,0.005235
2018-07-10,-6.2e-05,-0.004851
2018-07-11,-0.003277,-3.2e-05
2018-07-12,0.005869,0.009519
2018-07-13,4.8e-05,-2.4e-05
2018-07-16,0.002801,0.007457
2018-07-17,0.001536,0.006763
2018-07-18,0.005418,0.008456
2018-07-19,-0.007143,-0.010095
2018-07-20,0.005282,0.006719
2018-07-23,0.003568,0.008262
2018-07-24,0.001831,-0.005548
2018-07-25,0.002239,0.002133
2018-07-26,-0.001021,-0.004945
2018-07-27,0.002367,-0.000703
2018-07-30,-0.001577,-0.01216
2018-07-31,0.006641,0.004951
2018-08-01,-0.000261,-0.003174
2018-08-14,-0.001571,-0.004398
2018-08-15,0.001536,-0.013573
2018-08-16,0.00314,0.00344
2018-08-17,-0.001712,-0.000789
2018-08-20,-0.001141,0.002843
2018-08-21,0.00114,0.004059
2018-08-22,-0.002384,0.001589
2018-08-23,-0.003545,-0.010197
2018-08-24,0.002651,0.005749
2018-08-27,0.006507,0.010322
2018-08-28,0.001763,-0.000215
2018-08-29,-0.000728,-0.001349
2018-08-30,-0.001407,-0.006597
2018-08-31,-0.00147,-0.006236
2018-09-04,0.00222,-0.002185
2018-09-05,0.00576,0.008458
2018-09-06,0.002038,-0.000169
2018-09-07,-0.000229,-0.001041
2018-09-10,-0.001223,-0.004554
2018-09-11,-0.006734,-0.007086
2018-09-12,-0.00273,0.002884
2018-09-13,0.005632,0.001752
2018-09-14,0.003285,0.004455
2018-09-17,-0.0012,0.006828
2018-09-18,-0.000603,-0.00139
2018-09-19,0.003283,0.014263
2018-09-20,0.001044,-0.003498
2018-09-21,0.000458,0.006456
2018-09-24,-0.001749,-0.005159
2018-09-25,-0.001576,-0.00149
2018-09-26,0.003057,0.002289
2018-09-27,-0.003013,-0.0083
2018-09-28,0.001395,0.00292
2018-10-01,-0.002181,-0.001613
2018-10-02,0.001842,0.003553
2018-10-03,-0.000258,-0.001759
2018-10-04,0.002213,0.007565
2018-10-05,-0.003744,-0.001186
2018-10-08,-0.006742,-0.010209
2018-10-09,-0.005417,-0.006414
2018-10-10,-0.003546,0.004341
2018-10-11,0.006433,0.01738
2018-10-12,0.00447,-0.00446
2018-10-15,-0.006048,-0.002452
2018-10-16,0.004716,-0.008576
2018-10-17,0.003761,0.000126
2018-10-18,-0.002384,-0.003619
2018-10-19,-0.003433,0.00106
2018-10-22,0.002589,0.002473
2018-10-23,-0.00029,-0.008567
2018-10-24,-0.011246,-0.004247
2018-10-25,0.002337,-0.007614
2018-10-26,0.007588,0.014608
2018-10-29,-0.002701,-0.004057
2018-10-30,-0.001808,-0.003745
2018-10-31,0.001777,-0.003828
2018-11-01,0.013304,0.016124
2018-11-02,0.001054,0.008599
2018-11-05,-0.009515,-0.012709
2018-11-06,0.001998,-0.004403
2018-11-07,0.003887,-0.004959
2018-11-08,0.003536,-0.004669
2018-11-12,-0.003775,-0.010999
2018-11-13,0.002081,-0.00747
2018-11-14,-0.007866,-0.011119
2018-11-15,0.003471,0.013758
2018-11-16,-0.000339,-0.000939
2018-11-19,-0.011598,-0.015556
2018-11-20,0.013717,0.00849
2018-11-21,-0.002052,0.005698
2018-11-23,0.006058,-0.007711
2018-11-26,0.001886,0.001915
2018-11-27,0.000574,-0.006424
2018-11-28,-0.000661,-0.003895
2018-11-29,-0.001262,0.000557
2018-11-30,0.00355,-0.002673
2018-12-03,0.000611,0.015438
2018-12-04,0.007987,0.011833
2018-12-06,0.017539,0.011896
2018-12-07,0.001516,0.008714
2018-12-10,0.00968,0.007742
2018-12-11,0.00294,0.006916
2018-12-12,0.002048,0.008007
2018-12-13,0.001699,0.006536
2018-12-14,0.009974,0.009959
2018-12-17,-0.000452,0.007793
2018-12-18,0.007751,-6.5e-05
2018-12-19,-0.000333,-0.001916
2018-12-20,0.010068,0.009095
2018-12-21,-0.004364,-0.004738
2018-12-24,0.007481,0.013316
2018-12-26,-0.007526,-0.005348
2018-12-27,0.004344,0.000414
2018-12-28,0.004757,0.003053
2018-12-31,0.006269,0.012442
2019-01-02,-0.00931,-0.003887
2019-01-03,0.006844,0.012076
2019-01-04,-0.010343,-0.010066
2019-01-07,0.001783,0.003813
2019-01-08,0.001955,0.003542
2019-01-09,-0.006043,0.000632
2019-01-10,-0.000512,-0.002564
2019-01-11,-0.000211,-0.005424
2019-01-14,-0.012547,-0.023997
2019-01-15,0.007884,0.006312
2019-01-16,-0.007019,-0.009426
2019-01-17,-0.004647,-0.005148
2019-01-18,-0.007378,-0.007623
2019-01-22,0.007814,0.005637
2019-01-23,0.004561,0.002424
2019-01-24,-0.001875,-0.003669
2019-01-25,-0.001453,0.003701
2019-01-28,0.004514,-0.001269
2019-01-29,-0.002315,0.003635
2019-01-30,-0.000146,0.006918
2019-01-31,0.013109,0.013769
2019-02-01,-0.004647,-0.00068
2019-02-04,0.000537,7.5e-05
2019-02-05,0.003141,0.002628
2019-02-06,-0.004523,-0.009351
2019-02-07,0.007432,0.00055
2019-02-08,0.008489,0.007442
2019-02-11,-0.005666,-0.010415
2019-02-12,-0.000809,-6.9e-05
2019-02-13,-0.005237,-0.004511
2019-02-14,0.002203,0.008032
2019-02-15,-0.002768,-0.000555
2019-02-19,-0.001711,-0.001877
2019-02-20,-0.008055,-0.004094
2019-02-21,-0.000634,-0.00778
2019-02-22,0.001606,0.000919
2019-02-25,-0.001246,-0.000585
2019-02-26,0.002677,0.004079
2019-02-27,-0.003707,-0.006949
2019-02-28,0.001467,-0.002845
2019-03-01,-0.00327,-0.006309
2019-03-04,0.000353,0.004139
2019-03-05,0.002134,0.001845
2019-03-06,0.005592,0.005687
2019-03-07,0.008467,0.011124
2019-03-08,0.010677,0.009975
2019-03-11,0.000293,0.001791
2019-03-12,0.002348,0.007469
2019-03-13,-0.003765,-0.001778
2019-03-14,-0.00443,-0.009028
2019-03-15,0.005055,0.005987
2019-03-18,-0.010989,-0.009559
2019-03-19,0.002929,0.003693
2019-03-20,0.005327,0.016507
2019-03-21,0.010118,0.013778
2019-03-22,0.014145,0.015989
2019-03-25,0.004729,0.007628
2019-03-26,-0.00345,-0.002333
2019-03-27,-0.003418,-0.005894
2019-03-28,-0.00657,-0.010814
2019-03-29,0.000567,0.001804
2019-04-01,-0.014838,-0.016273
2019-04-02,0.003613,0.002822
2019-04-03,0.003128,-0.001115
2019-04-04,-0.005034,-0.002602
2019-04-05,-0.003374,-0.001361
2019-04-08,-0.002306,-0.000798
2019-04-09,0.007146,0.006845
2019-04-10,-0.000763,-0.004473
2019-04-11,-0.001949,-0.006344
2019-04-12,-0.007192,-0.006846
2019-04-15,0.004658,0.006592
2019-04-16,-0.011482,-0.01342
2019-04-17,-0.008243,-0.006272
2019-04-18,0.003559,0.001059
2019-04-22,-0.00462,0.000229
2019-04-23,0.001283,-0.001767
2019-04-24,0.006605,0.001442
2019-04-25,0.006551,0.000591
2019-04-26,0.004108,0.000534
2019-04-29,-0.005268,-0.010299
2019-04-30,0.004412,0.000373
2019-05-01,0.002131,-0.00633
2019-05-02,0.003891,-0.003752
2019-05-03,-0.002209,0.001127
2019-05-06,0.004055,0.00861
2019-05-07,-0.000424,-0.003454
2019-05-08,-0.000919,-0.000994
2019-05-09,0.003535,0.0032
2019-05-10,-0.000893,-0.006045
2019-05-13,0.012922,0.016324
2019-05-14,-0.00552,-0.004618
2019-05-15,0.004486,0.007455
2019-05-16,-0.00281,-0.009435
2019-05-17,0.007123,0.006742
2019-05-20,-0.005667,-0.00749
2019-05-21,-0.000462,4.2e-05
2019-05-22,0.011335,0.00401
2019-05-23,0.01492,0.011568
2019-05-24,0.001122,-0.002176
2019-05-28,-0.000431,-0.000613
2019-05-29,-0.005404,-0.006221
2019-05-30,0.012162,0.009031
2019-05-31,0.012597,0.016411
2019-06-03,-0.007172,-0.003551
2019-06-04,-0.010113,-0.011165
2019-06-05,0.012398,0.00406
2019-06-06,0.000104,0.004091
2019-06-07,0.003467,0.005428
2019-06-10,-0.003776,-0.009549
2019-06-11,-0.004109,-0.004707
2019-06-12,0.011252,0.009037
2019-06-13,-0.003688,0.000396
2019-06-14,0.003223,-0.001202
2019-06-17,0.007967,0.016989
2019-06-18,-0.009319,-0.003809
2019-06-19,0.003884,0.005867
2019-06-20,0.002077,0.016245
2019-06-21,-0.00166,0.003223
2019-06-24,0.004187,0.003641
2019-06-25,-0.005979,-0.006102
2019-06-26,-0.011304,-0.005224
2019-06-27,-0.000622,-0.009619
2019-06-28,-0.001581,-0.000951
2019-07-01,-0.005661,-0.01203
2019-07-02,0.017785,0.014135
2019-07-03,0.001464,-0.002218
2019-07-05,-0.010061,-0.017104
2019-07-08,0.003182,0.001702
2019-07-09,0.005813,0.004833
2019-07-10,0.002902,0.010332
2019-07-11,-0.00078,-3.3e-05
2019-07-12,-0.005252,-0.006933
2019-07-15,0.007861,0.008097
2019-07-16,0.002248,0.003219
2019-07-17,0.014026,0.013498
2019-07-18,0.005631,0.007282
2019-07-19,-0.01231,-0.008386
2019-07-22,0.001123,0.004127
2019-07-23,-0.006255,-0.009084
2019-07-24,0.004106,0.002933
2019-07-25,0.004405,-0.001507
2019-07-26,0.003393,-0.000294
2019-07-29,0.005644,0.007277
2019-07-30,-0.006664,-0.002305
2019-07-31,-0.010366,-0.01609
2019-08-01,0.026626,0.023135
2019-08-02,0.000494,-0.002466
2019-08-05,0.008952,0.01801
2019-08-06,0.005605,-0.002605
2019-08-07,0.008392,0.004679
2019-08-08,-0.002162,-0.002633
2019-08-09,0.003896,0.002098
2019-08-12,0.004482,0.006847
2019-08-13,-0.005102,-0.005368
2019-08-14,0.013036,0.012112
2019-08-15,0.005878,0.000198
2019-08-16,-0.008155,-0.010245
2019-08-19,-0.00761,-0.007298
2019-08-20,0.007501,0.012267
2019-08-21,0.002427,0.001198
2019-08-22,0.002797,-0.001857
2019-08-23,0.014504,0.018025
2019-08-26,-0.001324,-0.004855
2019-08-27,0.008797,0.017614
2019-08-29,0.013268,0.014838
2019-08-30,-0.003545,-0.00037
2019-09-03,-0.016926,-0.022312
2019-09-04,0.004854,-0.002375
2019-09-05,0.026439,0.033235
2019-09-06,0.000393,0.002487
2019-09-09,0.023081,0.022799
2019-09-10,0.009459,0.015676
2019-09-11,-0.000585,0.004482
2019-09-12,-0.002596,1.2e-05
2019-09-13,0.00995,0.014731
2019-09-16,0.007947,-0.008361
2019-09-17,-0.015649,-0.014866
2019-09-18,-0.001637,0.002986
2019-09-19,-0.00733,-0.007985
2019-09-20,-0.007952,-0.007502
2019-09-23,-0.003009,-0.008085
2019-09-24,-0.012696,-0.009702
2019-09-25,0.013278,0.016494
2019-09-26,-0.003964,-0.004705
2019-09-27,0.002569,0.006813
2019-09-30,0.000966,0.003214
2019-10-01,-0.009635,-0.011268
2019-10-02,-0.011324,-0.01035
2019-10-03,-0.001376,-0.004472
2019-10-04,-0.002313,-0.002126
2019-10-07,0.002686,0.005168
2019-10-08,-0.013007,-0.015344
2019-10-09,0.007014,0.008421
2019-10-10,0.007347,0.007052
2019-10-11,0.017261,0.020232
2019-10-14,-0.00561,-0.004855
2019-10-15,0.007083,0.014492
2019-10-16,-0.005198,-0.004242
2019-10-17,-0.003542,-0.004082
2019-10-18,-0.007924,-0.004279
2019-10-21,0.013086,0.01471
2019-10-22,0.005092,0.00703
2019-10-23,0.001365,-0.001738
2019-10-24,-0.002714,-0.007518
2019-10-25,0.010102,0.012005
2019-10-28,0.00465,0.009752
2019-10-29,-0.003046,-0.002025
2019-10-31,0.001967,0.005505
2019-11-01,0.006911,0.000644
2019-11-04,0.003398,-0.005402
2019-11-05,0.000172,-0.007421
2019-11-06,-0.003731,-0.007718
2019-11-07,0.000763,0.002649
2019-11-08,0.000263,0.001425
2019-11-11,0.003689,0.010745
2019-11-12,0.000149,-0.002299
2019-11-13,-0.005007,-0.003346
2019-11-14,-0.00021,0.005778
2019-11-15,0.000754,0.001785
2019-11-18,0.003569,0.001342
2019-11-19,-0.00063,-0.003294
2019-11-20,-0.001831,0.002847
2019-11-21,-0.002732,0.001532
2019-11-22,-0.001395,-0.004376
2019-11-25,0.005927,0.010086
2019-11-26,-0.000279,-0.001619
2019-11-27,0.000991,0.006773
2019-11-29,0.003022,0.006026
2019-12-02,-0.000537,-0.002311
2019-12-03,0.002181,0.000229
2019-12-04,0.00069,0.008587
2019-12-05,0.000147,-0.005165
2019-12-06,7.8e-05,0.008694
2019-12-09,0.001733,0.005641
2019-12-10,0.002027,-0.004161
2019-12-11,0.01235,0.010805
2019-12-12,0.003454,-0.006746
2019-12-13,0.003226,0.005444
2019-12-16,0.000236,0.000633
2019-12-17,2e-06,0.001138
2019-12-18,0.003202,0.00663
2019-12-19,-0.000985,0.001908
2019-12-20,-0.003879,-0.001895
2019-12-23,0.0091,0.005107
2019-12-24,0.005229,0.000516
2019-12-26,0.003271,-0.001701
2019-12-27,-0.001477,0.003939
2019-12-30,0.002979,-0.001307
2019-12-31,-0.001584,-0.00091
2020-01-02,0.01468,0.01394
2020-01-03,-0.002383,0.008042
2020-01-06,0.000173,0.00445
2020-01-07,0.007427,6.3e-05
2020-01-08,-0.005742,-0.008159
2020-01-09,-0.002594,0.001791
2020-01-10,0.001215,-0.000676
2020-01-13,0.003159,0.004978
2020-01-14,0.001352,0.001007
2020-01-15,-0.001959,0.003061
2020-01-16,-0.000317,0.00109
2020-01-17,0.001383,0.003594
2020-01-21,6.6e-05,0.007077
2020-01-22,-5.3e-05,-0.001956
2020-01-23,-0.0024,-0.003663
2020-01-24,0.005604,0.009667
2020-01-27,-0.013898,-0.015216
2020-01-28,0.000361,0.005648
2020-01-29,0.005776,0.008763
2020-01-30,-0.002163,0.000719
2020-01-31,-0.000318,-0.001613
2020-02-03,0.001745,0.003252
2020-02-04,0.009123,0.002944
2020-02-05,-0.002392,-0.003388
2020-02-06,0.005298,0.002057
2020-02-07,-0.007369,0.001068
2020-02-10,0.006725,0.00691
2020-02-11,0.004085,0.006561
2020-02-12,0.006562,0.010244
2020-02-13,-0.003202,-0.003618
2020-02-14,-0.000389,0.005452
2020-02-18,0.003108,-0.004279
2020-02-19,0.018239,0.018995
2020-02-20,-0.003979,0.002875
2020-02-21,-0.006794,-0.006937
2020-02-24,-0.006403,-0.004722
2020-02-25,-0.000117,0.002463
2020-02-26,0.008684,0.005872
2020-02-27,0.000851,0.00368
2020-02-28,0.008983,0.023273
2020-03-02,-0.0098,-0.012109
2020-03-03,0.008306,0.006579
2020-03-04,-0.010426,-0.005587
2020-03-05,0.01265,0.021023
2020-03-06,-0.010254,-0.020637
2020-03-09,-0.01936,-0.061777
2020-03-10,-0.001677,-0.016407
2020-03-11,-0.005954,-0.008183
2020-03-12,-0.015901,-0.029405
2020-03-13,-0.036731,-0.027811
2020-03-16,0.02045,-0.013806
2020-03-17,0.002488,0.004
2020-03-18,-0.009018,0.002215
2020-03-19,0.021623,0.023109
2020-03-20,0.024886,0.025884
2020-03-23,0.044459,0.02878
2020-03-24,0.014068,0.011124
2020-03-25,-0.00184,0.001686
2020-03-26,-0.022965,-0.011634
2020-03-27,-0.016499,-0.013616
2020-03-30,-0.013071,-0.000643
2020-03-31,0.009185,0.010589
2020-04-01,0.013931,0.014493
2020-04-02,0.005574,0.024451
2020-04-03,-0.003879,-0.007327
2020-04-06,0.007224,0.010391
2020-04-07,-0.003208,-0.012106
2020-04-08,-0.013228,0.008287
2020-04-09,-0.006664,-0.018379
2020-04-13,0.029417,0.023761
2020-04-14,0.012595,0.023198
2020-04-15,0.000663,0.000409
2020-04-16,0.009463,-0.002512
2020-04-17,-0.021267,-0.008541
2020-04-20,0.006843,-0.013282
2020-04-21,-0.003501,0.002505
2020-04-22,0.02012,0.020821
2020-04-23,0.010643,0.024854
2020-04-24,-0.001873,-0.0073
2020-04-27,-0.008502,-0.01929
2020-04-28,-0.006636,-0.011342
2020-04-29,0.018595,0.019439
2020-04-30,-0.005338,-0.002338
2020-05-01,0.002794,-0.000979
2020-05-04,0.008599,0.016044
2020-05-05,0.004038,0.005233
2020-05-06,0.018453,0.025257
2020-05-07,0.009771,0.013857
2020-05-08,0.001502,0.013141
2020-05-11,0.003752,0.010137
2020-05-12,0.011937,0.033586
2020-05-13,0.008052,0.010053
2020-05-14,-0.001668,-0.016285
2020-05-15,0.012043,0.007426
2020-05-18,-0.010616,-0.010889
2020-05-19,0.017227,0.006004
2020-05-20,0.003184,0.004789
2020-05-21,-0.009073,-0.005003
2020-05-22,-0.003384,-0.004381
2020-05-26,-0.018109,-0.028871
2020-05-27,-0.013398,-0.024201
2020-05-28,0.003533,0.022607
2020-05-29,0.014264,0.012661
2020-06-01,0.012409,0.013696
2020-06-02,-0.004194,0.00762
2020-06-03,-0.013055,-0.020899
2020-06-04,-0.007248,-0.029784
2020-06-05,-0.00939,0.006627
2020-06-08,-0.00205,0.011121
2020-06-09,0.008278,0.001868
2020-06-10,0.028265,0.020466
2020-06-11,-0.002041,-0.000844
2020-06-12,-0.002207,-0.000488
2020-06-15,0.005534,0.007298
2020-06-16,-0.004912,-0.001518
2020-06-17,0.005232,-0.001541
2020-06-18,-0.000754,0.002738
2020-06-19,0.008137,-0.005767
2020-06-22,0.016393,0.017974
2020-06-23,0.009898,0.010099
2020-06-24,0.004808,0.006224
2020-06-25,0.002786,0.006673
2020-06-26,0.005933,0.006303
2020-06-29,-0.010405,-0.024611
2020-06-30,0.003485,-0.005599
2020-07-01,0.004534,0.024369
2020-07-02,0.003142,0.006853
2020-07-06,0.014316,0.006497
2020-07-07,0.007617,0.010268
2020-07-08,0.018532,0.022347
2020-07-09,0.015268,0.012278
2020-07-10,-0.012233,-0.019199
2020-07-13,-0.011035,-0.012507
2020-07-14,0.006448,0.01903
2020-07-15,-0.00767,-0.018665
2020-07-16,-0.009381,-0.00221
2020-07-17,0.008669,0.016495
2020-07-20,0.030964,0.029709
2020-07-21,-0.004399,-0.002396
2020-07-22,0.006259,0.00098
2020-07-23,-0.013924,-0.014597
2020-07-24,-0.000806,-0.003723
2020-07-27,0.027397,0.029039
2020-07-28,-0.014982,-0.022703
2020-07-29,-0.003749,-0.003924
2020-07-30,0.003465,0.012464
2020-07-31,0.00501,0.002963
2020-08-03,0.007215,-0.007976
2020-08-04,0.013422,0.018323
2020-08-05,0.005658,0.00049
2020-08-06,0.005093,-0.001391
2020-08-10,0.010465,0.003866
2020-08-11,0.025548,0.050518
2020-08-12,-0.004067,-0.009226
2020-08-13,-0.012941,-0.032333
2020-08-14,0.009956,0.016125
2020-08-17,-0.013717,-0.028318
2020-08-18,-0.005913,-0.015972
2020-08-19,0.007631,0.013502
2020-08-20,-0.007568,-0.014028
2020-08-21,-0.00315,-0.010788
2020-08-24,0.018159,0.022014
2020-08-25,-0.001984,-0.006485
2020-08-26,-0.003721,-0.012953
2020-08-27,0.004662,0.013007
2020-08-28,0.001339,-0.006078
2020-08-31,-0.013143,-0.014476
2020-09-01,0.007995,-0.008289
2020-09-02,-0.003384,0.004713
2020-09-03,0.002866,0.025222
2020-09-04,0.002991,0.004377
2020-09-08,-0.01902,-0.029207
2020-09-09,-0.007868,-0.015736
2020-09-10,-0.003525,-0.00871
2020-09-11,-0.003372,-0.004864
2020-09-14,-0.003839,-0.013573
2020-09-15,-0.000821,-0.005061
2020-09-16,0.008576,0.013721
2020-09-17,0.00544,0.011209
2020-09-18,0.000253,-0.005075
2020-09-21,-0.006604,-0.012728
2020-09-22,-0.002124,-0.011662
2020-09-23,-0.000191,0.002715
2020-09-24,-0.004885,-0.003401
2020-09-25,0.001984,-0.00757
2020-09-28,0.00607,-0.009197
2020-09-29,-0.016181,-0.026337
2020-09-30,-0.001588,0.003269
2020-10-01,-0.008326,-0.031449
2020-10-02,0.00316,0.002359
2020-10-05,0.005539,0.005014
2020-10-06,0.001009,0.007203
2020-10-07,0.002769,-0.005333
2020-10-08,0.007414,0.014387
2020-10-09,-0.01153,-0.023714
2020-10-12,0.005376,0.011749
2020-10-13,-0.000909,-0.003126
2020-10-14,-0.00207,-0.006311
2020-10-15,0.007253,0.010524
2020-10-16,-0.005942,-0.001841
2020-10-19,0.000246,-0.009287
2020-10-20,0.001652,-0.002538
2020-10-21,0.001503,0.015602
2020-10-22,0.015763,0.030681
2020-10-23,0.001348,-0.002796
2020-10-26,-0.013779,-0.009247
2020-10-27,-0.004163,-0.003124
2020-10-28,-0.007878,-0.018594
2020-10-29,0.007423,0.00209
2020-10-30,-0.001907,0.01239
2020-11-02,-0.003861,-0.00057
2020-11-03,0.004478,0.009643
2020-11-04,-0.003869,-0.006657
2020-11-05,-0.001601,-0.027581
2020-11-06,-0.007217,-0.011329
2020-11-09,0.062519,0.123456
2020-11-11,0.017926,0.026467
2020-11-12,0.010257,0.023524
2020-11-13,-0.007044,-0.021233
2020-11-16,-0.006527,-0.040392
2020-11-17,-0.001397,-0.008003
2020-11-18,0.003146,0.00143
2020-11-19,0.002789,-0.00594
2020-11-20,0.008672,0.008756
2020-11-23,-0.011262,-0.046014
2020-11-24,-0.017615,-0.042929
2020-11-25,0.00791,0.018273
2020-11-27,0.010153,0.009612
2020-11-30,0.012743,0.037774
2020-12-01,0.006413,0.006263
2020-12-02,-0.007225,-0.017301
2020-12-03,-0.002414,-0.010013
2020-12-04,-0.00804,-0.029037
2020-12-07,0.014706,0.022592
2020-12-08,-0.001133,-0.007201
2020-12-09,-0.016746,-0.021385
2020-12-10,-0.001964,-0.007468
2020-12-11,0.002005,0.009152
2020-12-14,0.008926,0.014287
2020-12-15,0.008163,-0.000967
2020-12-16,0.008448,0.01927
2020-12-17,0.011755,0.020083
2020-12-18,0.003387,0.00822
2020-12-21,0.015504,0.017293
2020-12-22,0.006698,0.004266
2020-12-23,-0.007477,-0.023922
2020-12-24,0.000859,0.005268
2020-12-28,0.006765,0.007941
2020-12-29,-0.003281,0.007226
2020-12-30,0.007466,-0.002699
2020-12-31,-0.007692,-0.004668
2021-01-04,0.01917,0.026766
2021-01-06,0.015105,-0.01826
2021-01-07,0.009031,0.010673
2021-01-08,0.012412,0.05161
2021-01-11,0.006367,0.010915
2021-01-12,0.019038,0.004814
2021-01-13,-0.004641,0.009791
2021-01-14,0.015389,0.004569
2021-01-15,-0.015414,0.024089
2021-01-19,0.007597,-0.00806
2021-01-20,-0.00775,-0.005708
2021-01-21,-0.008945,-0.013638
2021-01-22,0.00273,0.012387
2021-01-25,-0.010864,0.005805
2021-01-26,-0.00515,-0.000419
2021-01-27,0.006389,0.012519
2021-01-28,-0.005902,-0.022388
2021-01-29,-0.007859,-0.014379
2021-02-01,-0.007595,-0.022077
2021-02-02,0.013479,0.050011
2021-02-03,0.013806,0.001124
2021-02-04,0.010962,0.032879
2021-02-05,-0.001596,-0.004369
2021-02-08,0.010838,-0.004818
2021-02-09,0.001915,0.009429
2021-02-10,0.001286,0.002359
2021-02-11,0.002541,0.004309
2021-02-12,0.01138,0.011859
2021-02-16,0.018623,0.008392
2021-02-17,3e-06,0.005188
2021-02-18,-0.003152,0.016914
2021-02-19,0.0146,0.000912
2021-02-22,0.010988,-0.029456
2021-02-23,0.004952,0.005301
2021-02-24,0.021225,0.000468
2021-02-25,-0.006592,0.002624
2021-02-26,0.003372,0.020936
2021-03-01,0.019897,0.019903
2021-03-02,-0.00935,-0.01529
2021-03-03,0.015315,0.004927
2021-03-04,-6.9e-05,-0.004028
2021-03-05,0.00872,0.017293
2021-03-08,0.004311,0.007003
2021-03-09,-0.009626,-0.018206
2021-03-10,0.005358,-0.003676
2021-03-11,0.006718,2e-05
2021-03-12,0.001034,0.000415
2021-03-15,-0.004679,-0.000434
2021-03-16,-0.01153,-0.001349
2021-03-17,0.006154,0.00105
2021-03-18,-0.010876,0.002149
2021-03-19,-0.0008,-0.001025
2021-03-23,-0.011975,0.0
2021-03-24,-0.023922,0.0
2021-03-25,-0.004996,0.0
2021-03-26,0.000171,0.0
2021-03-29,-0.00787,0.0
2021-03-30,0.003978,0.0
2021-03-31,0.023464,0.0
2021-04-01,0.007675,0.0
2021-04-05,0.010858,0.0
2021-04-06,0.000529,0.0
2021-04-07,-0.008838,0.0
2021-04-08,0.013699,0.0
2021-04-09,-0.003893,0.0
2021-04-12,-0.012438,0.0
2021-04-13,0.010303,0.0
2021-04-14,-0.012251,0.0
2021-04-15,0.004612,0.0
2021-04-16,-0.0027,0.0
2021-04-19,-0.01445,0.0
2021-04-20,-0.00128,0.0
2021-04-21,0.009623,0.0
2021-04-22,-0.002563,0.0
2021-04-23,0.00422,0.0
2021-04-26,0.010819,0.0
2021-04-27,-0.007667,0.0
2021-04-28,-0.005924,0.0
2021-04-29,-0.013599,0.0
2021-04-30,-0.008271,0.0
2021-05-03,-0.004425,0.0
2021-05-04,-0.019353,0.0
2021-05-05,-0.000695,0.0
2021-05-06,-0.001928,0.0
2021-05-07,0.005767,0.0
2021-05-10,-0.021551,0.0
2021-05-11,0.012086,0.0
2021-05-12,-0.017937,0.0
2021-05-13,-0.013264,0.0
2021-05-14,0.013434,0.0
2021-05-17,-0.001744,0.0
2021-05-18,0.010811,0.0
2021-05-19,0.001662,0.0
2021-05-20,0.014013,0.0
2021-05-21,-0.007725,0.0
2021-05-24,0.006099,0.0
2021-05-25,0.004475,0.0
2021-05-26,0.00503,0.0
2021-05-27,0.005069,0.0
2021-05-28,-0.002095,0.0
2021-06-01,-0.005521,0.0
2021-06-02,-4.3e-05,0.0
2021-06-03,-0.014279,0.0
2021-06-04,0.010093,0.0
2021-06-07,0.001787,0.0
2021-06-08,-0.003632,0.0
2021-06-09,0.001695,0.0
2021-06-10,0.007468,0.0
2021-06-11,-0.00124,0.0
2021-06-14,0.007201,0.0
2021-06-15,-0.011279,0.0
2021-06-16,-0.00336,0.0
2021-06-17,0.007943,0.0
2021-06-18,0.00443,0.0
2021-06-21,-0.011536,0.0
2021-06-22,0.002402,0.0
2021-06-23,0.005461,0.0
2021-06-24,0.004141,0.0
2021-06-25,-0.007527,0.0
2021-06-28,0.017171,0.0
2021-06-29,0.000712,0.0
2021-06-30,-0.004442,0.0
2021-07-01,-0.009537,0.0
2021-07-02,0.004521,0.0
2021-07-06,0.004369,0.0
2021-07-07,-0.000301,0.0
2021-07-08,-0.009062,0.0
2021-07-09,0.000485,0.0
2021-07-12,-0.001726,0.0
2021-07-13,0.001427,0.0
2021-07-14,-0.003447,0.0
2021-07-15,-0.005851,0.0
2021-07-16,-0.009574,0.0
2021-07-19,0.006149,0.0
2021-07-20,-0.004302,0.0
2021-07-21,0.01011,0.0
2021-07-22,0.00096,0.0
2021-07-23,-0.005772,0.0
2021-07-26,-0.001063,0.0
2021-07-27,-0.009953,0.0
2021-07-28,0.013401,0.0
2021-07-29,0.003785,0.0
2021-07-30,0.001114,0.0
2021-08-02,0.005755,0.0
2021-08-03,-0.003655,0.0
2021-08-05,0.012149,0.020816
2021-08-06,0.015089,0.015306
2021-08-09,0.00411,0.000746
2021-08-10,0.009178,0.014379
2021-08-11,0.003104,0.003706
2021-08-12,-0.001648,0.001039
2021-08-13,-0.011394,-0.014348
2021-08-16,-0.011195,-0.014853
2021-08-17,-0.012022,-0.004823
2021-08-18,-6.6e-05,-0.000894
2021-08-19,-0.009893,-0.012273
2021-08-20,0.001066,-0.000911
2021-08-23,0.01326,0.015051
2021-08-24,0.01384,0.018541
2021-08-25,0.006356,0.008187
2021-08-26,-0.008494,-0.012979
2021-08-27,0.009643,0.009939
2021-08-30,-0.0073,-0.010074
2021-08-31,-0.003028,-0.000724
2021-09-01,-0.007737,-0.009304
2021-09-02,0.002284,0.005
2021-09-03,-0.001915,-0.008241
2021-09-07,0.007472,0.011225
2021-09-08,-0.01386,-0.015261
2021-09-09,0.006666,0.005523
2021-09-10,0.002307,0.001609
2021-09-13,0.004862,0.008977
2021-09-14,-0.006262,-0.01108
2021-09-15,0.012724,0.017208
2021-09-16,0.007205,0.013479
2021-09-17,-0.001303,0.000508
2021-09-20,-0.011943,-0.005987
2021-09-21,-0.002096,0.000674
2021-09-22,0.015577,0.017545
2021-09-23,0.019032,0.021628
2021-09-24,0.007447,0.008611
2021-09-27,0.011695,0.013002
2021-09-28,-0.003557,0.005156
2021-09-30,0.012838,0.010941
2021-10-01,-0.004426,-0.007004
2021-10-04,-0.020669,-0.023722
2021-10-05,0.0019,-0.003105
2021-10-06,0.007043,0.014398
2021-10-07,0.005917,0.004089
2021-10-08,-0.002643,-0.007692
2021-10-11,0.007795,0.00867
2021-10-12,0.005208,0.007355
2021-10-13,0.013826,0.017684
2021-10-14,0.003147,0.004271
2021-10-15,0.004777,0.005356
2021-10-18,0.010058,0.011768
2021-10-19,0.004996,0.005873
2021-10-20,-0.007731,-0.006396
2021-10-21,0.00085,0.001153
2021-10-22,-0.011056,-0.012549
2021-10-25,0.008452,0.00442
2021-10-26,-0.005563,-0.004456
2021-10-27,0.005898,0.01025
2021-10-28,0.008908,0.008861
2021-10-29,0.004259,0.006223
2021-11-01,0.007486,0.002963
2021-11-02,-0.008299,-0.008057
2021-11-03,0.002895,0.000448
2021-11-04,0.013223,0.013497
2021-11-05,-0.006909,-0.009899
2021-11-08,0.012197,0.013196
2021-11-09,-0.001994,0.003046
2021-11-11,0.000117,0.005721
2021-11-12,0.00463,-3.3e-05
2021-11-15,-0.006919,-0.005271
2021-11-16,0.003674,0.010901
2021-11-17,0.006189,-0.004794
2021-11-18,0.005085,0.002827
2021-11-19,0.005702,-0.002009
2021-11-22,0.000676,0.00656
2021-11-23,-0.012692,-0.005977
2021-11-24,-0.001124,0.005196
2021-11-26,0.004838,0.005321
2021-11-29,0.001511,-0.008379
2021-11-30,0.010173,0.000752
2021-12-01,0.00689,-0.003666
2021-12-02,-0.00114,0.003811
2021-12-03,0.004848,0.008958
2021-12-06,0.001358,0.015238
2021-12-07,-0.00039,0.002878
2021-12-08,-0.001957,0.004091
2021-12-09,0.004815,0.016172
2021-12-10,-0.002846,-0.00587
2021-12-13,0.010036,0.020184
2021-12-14,-0.002636,-0.010638
2021-12-15,0.003151,-0.01189
2021-12-16,0.002316,0.018801
2021-12-17,0.005574,0.009389
2021-12-20,0.000779,-0.007305
2021-12-21,-0.004677,-0.002533
2021-12-22,-3.7e-05,0.00052
2021-12-23,0.001775,-0.009672
2021-12-27,-0.007372,-0.000419
2021-12-28,0.003443,0.011196
2021-12-29,0.007359,0.023009
2021-12-30,0.002988,-0.001184
2021-12-31,-1.9e-05,0.00192
2022-01-03,-0.006484,0.000455
2022-01-04,-0.001747,-0.000557
2022-01-05,0.003574,0.011828
2022-01-06,-0.004427,0.008519
2022-01-07,0.002473,0.026478
2022-01-10,0.002531,0.007391
2022-01-11,-0.007035,-0.003998
2022-01-12,-0.006316,0.006527
2022-01-13,0.004154,-0.007839
2022-01-14,-0.001176,0.001608
2022-01-18,-5.5e-05,0.018323
2022-01-19,0.00505,0.009729
2022-01-20,0.002779,0.004375
2022-01-21,0.007049,0.016067
2022-01-24,-0.003649,-0.015667
2022-01-25,-0.009219,0.004257
2022-01-26,0.002288,0.009605
2022-01-27,-0.006952,0.010339
2022-01-28,-0.010107,-0.012208
2022-01-31,-0.001348,-0.009445
2022-02-01,-0.002,0.001959
2022-02-02,0.002386,0.014769
2022-02-03,0.006996,0.008357
2022-02-04,-0.003406,-0.004703
2022-02-07,0.00115,-0.022648
2022-02-09,0.018163,0.011208
2022-02-10,-0.006583,-0.012578
2022-02-11,-0.013851,0.018877
2022-02-14,0.006149,0.008897
2022-02-15,0.016688,-0.013538
2022-02-16,0.000157,0.010969
2022-02-17,-0.013379,0.019273
2022-02-18,-0.010716,-0.004857
2022-02-22,-0.011702,-0.008453
2022-02-23,-0.00443,0.011559
2022-02-24,0.020894,-0.008433
2022-02-25,-0.004088,-0.003909
2022-02-28,0.015473,-0.003046
2022-03-01,0.010421,0.030495
2022-03-02,-0.014816,-0.029559
2022-03-03,-0.015046,0.002807
2022-03-04,-0.020998,0.005782
2022-03-07,-0.004526,0.025878
2022-03-09,0.005251,0.059461
2022-03-10,-0.000445,-0.023769
2022-03-11,0.002448,-0.015537
2022-03-14,0.007761,0.013655
2022-03-15,0.007897,0.044753
2022-03-16,-0.001448,0.033632
2022-03-17,-0.008061,-0.024713
2022-03-18,-0.003975,0.01615
2022-03-21,0.000453,-0.028614
2022-03-22,-0.002712,0.012706
2022-03-23,-0.003437,-0.025837
2022-03-24,0.003942,0.013409
2022-03-25,-0.002786,-0.020953
2022-03-28,-0.000238,0.024841
2022-03-29,-0.00497,0.014221
2022-03-30,0.001529,-0.025072
2022-03-31,0.007447,-0.001192
2022-04-01,-0.00792,-0.013389
2022-04-04,-0.009105,0.004639
2022-04-05,-0.000316,-0.016705
2022-04-06,0.006432,-0.018692
2022-04-07,0.003834,-0.012653
2022-04-08,-0.006562,-0.02644
2022-04-11,0.001451,-0.004422
2022-04-12,-0.002453,-0.017232
2022-04-13,-0.00454,-0.000373
2022-04-14,-0.001889,-0.023514
2022-04-18,-0.005952,-0.018044
2022-04-19,0.000796,0.031856
2022-04-20,0.01087,-0.00076
2022-04-21,0.004225,0.003425
2022-04-22,0.002186,0.003148
2022-04-25,-0.001366,0.018823
2022-04-26,-0.004071,-0.030932
2022-04-27,-0.000221,-0.008429
2022-04-28,-0.004342,0.012593
2022-04-29,-8.1e-05,-0.014005
2022-05-02,-0.008479,0.011164
2022-05-03,-0.003968,-0.013906
2022-05-04,-0.009184,-0.00884
2022-05-05,0.002051,-0.028775
2022-05-06,0.000834,-0.013031
2022-05-09,0.01988,0.031513
2022-05-10,0.007996,0.017073
2022-05-11,-0.000102,-0.046449
2022-05-12,-0.008081,-0.000125
2022-05-13,-0.010091,0.008529
2022-05-16,0.000367,-0.025221
2022-05-17,0.003457,0.020769
2022-05-18,0.002921,-0.015168
2022-05-19,-0.002505,-0.000855
2022-05-20,-0.000252,-0.00775
2022-05-23,-0.000883,-0.017201
2022-05-24,0.005108,-0.023861
2022-05-25,-0.013088,-0.003637
2022-05-26,-0.003463,0.017633
2022-05-27,0.002109,0.011511
2022-05-31,-0.004161,0.011936
2022-06-01,-0.00198,-0.026943
2022-06-02,0.003915,0.021228
2022-06-03,-0.00243,-0.02111
2022-06-06,-0.009347,-0.011651
2022-06-07,0.004385,-0.003772
2022-06-08,-0.002749,0.00146
2022-06-09,-0.003997,-0.01431
2022-06-10,0.003951,-0.014358
2022-06-13,0.016343,-0.006638
2022-06-14,0.010494,0.033188
2022-06-16,0.008763,-0.010033
2022-06-17,0.010569,0.003363
2022-06-21,-0.002874,0.000323
2022-06-22,0.015259,0.016466
2022-06-23,0.025342,0.022592
2022-06-24,-0.001017,-0.001169
2022-06-27,-0.013099,-0.010946
2022-06-28,-0.015776,-0.008223
2022-06-29,0.013539,0.007442
2022-06-30,0.00393,-0.003314
2022-07-01,0.005959,0.01107
2022-07-05,0.020966,0.027086
2022-07-06,0.002131,0.000551
2022-07-07,-0.019237,-0.014236
2022-07-08,-0.002066,-0.009902
2022-07-11,-0.003721,0.001487
2022-07-12,0.003383,0.020066
2022-07-13,0.002084,0.001691
2022-07-14,-0.000705,0.001577
2022-07-15,-0.004436,0.006842
2022-07-18,-0.013389,-0.011595
2022-07-19,-0.003598,0.004318
2022-07-20,-0.00499,0.000801
2022-07-21,0.015018,0.016916
2022-07-22,-0.000181,0.00884
2022-07-25,-0.022366,-0.014742
2022-07-26,-0.000331,-0.000916
2022-07-27,0.0012,-0.006897
2022-07-28,0.006235,0.006487
2022-07-29,-0.013558,-0.012319
2022-08-01,0.007157,0.012074
2022-08-03,0.004218,-0.002362
2022-08-04,-0.017635,-0.019624
2022-08-05,0.005265,0.014161
2022-08-08,0.002188,0.023771
2022-08-09,-0.008457,-0.027333
2022-08-10,0.009663,-0.003562
2022-08-11,0.016794,0.011779
2022-08-12,0.001351,-0.009345
2022-08-15,-0.004656,-0.003365
2022-08-16,-0.000421,-0.003371
2022-08-17,-0.00284,-0.005025
2022-08-18,0.01113,0.005306
2022-08-19,-0.014535,-0.022867
2022-08-22,-0.009351,-0.021806
2022-08-23,0.012924,0.022908
2022-08-24,0.001325,0.000696
2022-08-25,0.004678,-0.006003
2022-08-26,-0.004795,-0.014427
2022-08-29,0.001558,0.002247
2022-08-30,-0.003749,0.001301
2022-08-31,-0.002379,-0.008383
2022-09-01,-0.013567,-0.007218
2022-09-02,0.006546,0.011827
2022-09-06,-0.004299,0.006634
2022-09-07,-0.010324,-0.012936
2022-09-08,0.003341,0.001531
2022-09-09,0.017042,0.032214
2022-09-12,0.002345,-0.004427
2022-09-13,-0.011507,-0.032915
2022-09-14,0.002911,-0.028155
2022-09-15,0.006901,0.034377
2022-09-16,-0.010601,-0.003013
2022-09-19,0.00478,0.003346
2022-09-20,0.000528,0.002571
2022-09-21,-0.009258,-0.018274
2022-09-22,-0.005622,0.015699
2022-09-23,-0.011636,0.004069
2022-09-26,0.003773,0.002025
2022-09-27,0.009935,0.014763
2022-09-28,0.002533,0.007078
2022-09-29,-0.001253,0.007557
2022-09-30,-0.006903,-0.006355
2022-10-03,0.004159,-0.003838
2022-10-04,0.019041,0.015436
2022-10-05,0.010394,0.013581
2022-10-06,0.008956,0.011787
2022-10-07,0.001409,0.013196
2022-10-10,-0.004302,0.004312
2022-10-11,-0.010496,-0.001158
2022-10-12,0.009202,0.024404
2022-10-13,0.011943,0.006386
2022-10-14,-0.004376,0.005948
2022-10-17,0.007615,0.023716
2022-10-18,-0.001989,0.000169
2022-10-19,0.018891,0.022232
2022-10-20,0.00109,0.001262
2022-10-24,-0.002897,-0.006519
2022-10-25,0.008912,0.01939
2022-10-26,-0.009863,-0.000178
2022-10-27,-0.007899,-0.010401
2022-10-28,0.003637,-0.003122
2022-10-31,-0.014636,-0.014313
2022-11-01,-0.002363,-6.7e-05
2022-11-02,-0.010268,-0.005083
2022-11-03,-0.015075,-0.015883
2022-11-04,-0.005652,0.009887
2022-11-07,-0.006866,-0.013185
2022-11-08,-0.000621,-0.007493
2022-11-09,0.002689,-0.000425
2022-11-10,0.024648,0.032985
2022-11-11,-0.000874,-0.006664
2022-11-14,-0.002795,-0.005018
2022-11-15,0.000642,0.001667
2022-11-16,4.9e-05,-0.002493
2022-11-17,-0.005998,-0.008363
2022-11-18,0.001635,0.00076
2022-11-21,-0.008891,-0.007462
2022-11-22,-0.003871,-0.001576
2022-11-23,0.010386,0.014157
2022-11-25,-0.000448,-0.002005
2022-11-28,0.001638,-0.000368
2022-11-29,-0.002278,-0.002911
2022-11-30,0.012787,0.012959
2022-12-01,0.015179,0.014757
2022-12-02,-0.000598,-0.00426
2022-12-06,0.005611,0.006266
2022-12-07,-0.00148,-0.001224
2022-12-08,0.002332,-0.006014
2022-12-09,-0.000908,-0.002624
2022-12-12,-0.001525,0.010078
2022-12-13,-0.010099,-0.012927
2022-12-14,0.005357,0.001495
2022-12-15,-0.010389,0.004437
2022-12-16,0.009395,0.005085
2022-12-19,0.009905,0.010949
2022-12-20,0.006545,-0.003498
2022-12-21,-2.7e-05,0.004418
2022-12-22,0.000615,0.004371
2022-12-23,-0.008236,-0.000304
2022-12-27,-0.0001,0.012811
2022-12-29,0.005788,0.018177
2022-12-30,-0.003002,-0.000313
2023-01-03,0.017593,0.010526
2023-01-04,0.004582,0.015884
2023-01-05,-0.008832,-0.024697
2023-01-06,-0.003301,-0.002109
2023-01-09,-0.007304,0.014736
2023-01-10,0.002777,0.005915
2023-01-11,0.000304,0.006503
2023-01-12,-0.005996,0.007461
2023-01-13,0.002044,-0.000955
2023-01-17,-0.005929,0.015375
2023-01-18,0.004761,0.002133
2023-01-19,0.000932,-0.005084
2023-01-23,0.010173,-0.013279
2023-01-24,-0.005795,0.004398
2023-01-25,0.004665,0.023291
2023-01-26,0.011064,0.00415
2023-01-27,0.000849,-0.004452
2023-01-30,-0.004225,0.015769
2023-01-31,0.002678,-0.00974
2023-02-01,0.00566,-0.013689
2023-02-02,0.01491,0.028007
2023-02-03,0.008125,0.023418
2023-02-06,-0.005633,0.000226
2023-02-07,0.010389,0.014461
2023-02-08,0.001636,0.003155
2023-02-09,-0.005999,0.006962
2023-02-10,-0.006074,0.00722
2023-02-13,0.004826,-0.005896
2023-02-14,0.008178,0.003132
2023-02-15,0.011214,-0.0264
2023-02-16,-0.002587,0.021973
2023-02-17,-0.007831,0.010026
2023-02-21,-0.003325,-0.001911
2023-02-22,-0.004333,-0.003031
2023-02-23,0.00576,-0.004172
2023-02-24,0.000493,0.027792
2023-02-28,0.002073,0.001206
2023-03-01,-0.010568,-0.006356
2023-03-02,0.000294,0.000472
2023-03-03,0.000686,0.003717
2023-03-06,0.005505,0.008984
2023-03-07,-0.000261,-0.012011
2023-03-08,0.005707,0.003296
2023-03-09,0.01683,0.018018
2023-03-10,0.005484,0.008173
2023-03-13,0.02502,0.010922
2023-03-14,0.006895,0.002096
2023-03-15,0.027703,0.024229
2023-03-16,-0.005616,-0.012889
2023-03-17,0.017843,0.013431
2023-03-20,-0.003355,0.003527
2023-03-21,-0.020015,-0.024953
2023-03-22,0.00943,0.013932
2023-03-23,0.007469,0.001064
2023-03-24,0.001152,0.00593
2023-03-27,-0.010213,-0.00049
2023-03-28,-0.002869,0.003846
2023-03-29,-0.001039,-0.008707
2023-03-30,0.007618,0.008305
2023-03-31,0.00043,-0.005126
2023-04-03,-0.006205,0.011016
2023-04-04,0.015397,0.016679
2023-04-05,-0.001497,0.003342
2023-04-06,0.005743,0.007923
2023-04-11,0.001559,-0.000259
2023-04-12,-0.006215,-0.012318
2023-04-13,0.002486,0.002625
2023-04-14,0.005248,0.009311
2023-04-17,-0.006893,0.011376
2023-04-18,0.001061,-0.000788
2023-04-19,0.000555,0.0054
2023-04-20,-0.009317,-0.006299
2023-04-21,-0.006695,-0.007627
2023-04-24,0.000344,-0.002154
2023-04-25,-0.014815,-0.022138
2023-04-26,0.007363,0.007722
2023-04-27,0.00312,0.002082
2023-04-28,0.004838,0.007295
2023-05-01,-0.004178,-0.003886
2023-05-02,-0.011948,-0.025156
2023-05-03,-0.011024,-0.007551
2023-05-04,-0.011708,-0.029744
2023-05-05,0.019859,0.027357
2023-05-08,-0.005201,0.000523
2023-05-09,-0.00048,-0.001766
2023-05-10,-0.001657,-0.000666
2023-05-11,-0.001414,0.006007
2023-05-12,-0.006369,-0.000807
2023-05-15,0.011761,0.017263
2023-05-16,0.002165,0.005768
2023-05-17,0.023654,0.032173
2023-05-18,0.008232,0.019819
2023-05-19,-0.006921,-0.012066
2023-05-22,0.009506,0.012417
2023-05-23,0.004711,0.003339
2023-05-24,-0.001001,-0.000387
2023-05-25,0.009402,0.015544
2023-05-26,0.007524,0.012291
2023-05-30,0.002945,-0.001663
2023-05-31,-0.019499,-0.026428
2023-06-01,0.005874,0.006961
2023-06-02,0.018322,0.027217
2023-06-05,-0.014778,-0.014707
2023-06-06,0.017075,0.025327
2023-06-07,0.00718,0.012547
2023-06-08,-0.003957,-0.009951
2023-06-09,-0.000729,-0.001173
2023-06-12,-0.00417,0.005556
2023-06-13,0.009975,0.016949
2023-06-14,-0.003992,-0.010189
2023-06-15,-0.003451,0.003338
2023-06-16,-0.003815,-0.011019
2023-06-20,0.010627,0.008719
2023-06-21,0.003504,-0.003685
2023-06-22,-0.003231,-0.00263
2023-06-23,-0.004146,-0.00656
2023-06-26,-0.003763,-0.005584
2023-06-27,0.011886,0.016433
2023-06-28,0.006816,0.004272
2023-06-29,0.007143,0.008348
2023-06-30,-0.003967,-0.005822
2023-07-03,0.006604,0.004754
2023-07-05,-0.001755,-0.008406
2023-07-06,0.000593,-0.001188
2023-07-07,0.015938,0.011254
2023-07-10,0.001218,0.005409
2023-07-11,0.005762,0.003816
2023-07-12,-0.00366,-0.006591
2023-07-13,0.009266,0.002757
2023-07-14,-0.015651,-0.014251
2023-07-17,0.00575,0.018067
2023-07-18,0.009376,0.013755
2023-07-19,-0.000381,0.00018
2023-07-20,-0.006255,-0.005423
2023-07-21,-0.003555,-0.009667
2023-07-24,0.005155,0.009156
2023-07-25,-0.002481,-0.00094
2023-07-26,0.008524,0.009953
2023-07-27,0.008552,0.013518
2023-07-28,0.006497,0.008254
2023-07-31,0.003039,-1.4e-05
2023-08-01,0.002249,0.008409
2023-08-02,-0.003081,-0.004895
2023-08-03,0.0057,0.008932
2023-08-04,0.000898,0.000412
2023-08-07,4.2e-05,0.004921
2023-08-08,-0.001943,-0.010541
2023-08-09,-0.010255,-0.010474
2023-08-10,0.000513,-0.003715
2023-08-11,-0.004273,-0.007993
2023-08-14,0.002341,0.007334
2023-08-15,-0.004723,-0.008318
2023-08-16,0.000205,-0.001968
2023-08-17,-0.000559,-0.001827
2023-08-18,-0.001733,0.00094
2023-08-21,0.00041,0.002394
2023-08-22,-0.007763,-0.012294
2023-08-23,-0.001378,-0.00584
2023-08-24,-0.006608,-0.006176
2023-08-25,-0.002125,-0.001414
2023-08-28,0.003564,0.004597
2023-08-29,0.006225,0.002382
2023-08-30,-0.00308,0.002673
2023-08-31,0.003885,0.008938
2023-09-01,0.008448,0.017915
2023-09-05,0.008722,0.00103
2023-09-06,-0.001513,-0.003548
2023-09-07,-0.007705,-0.012821
2023-09-08,0.000185,-0.000902
2023-09-11,-0.007571,-0.004389
2023-09-12,0.00637,0.002716
2023-09-13,-0.002321,-0.000524
2023-09-14,0.003339,0.004667
2023-09-15,-0.003692,-0.011264
2023-09-18,-0.002697,-0.004346
2023-09-19,-0.001417,0.002234
2023-09-20,-0.008022,-0.013537
2023-09-21,0.003402,0.004881
2023-09-22,-0.00152,0.002616
2023-09-25,0.006933,0.012317
2023-09-26,0.001967,0.001335
2023-09-27,0.015055,0.019461
2023-09-28,0.00419,0.010157
2023-09-29,0.000297,0.001449
2023-10-02,0.010443,0.012221
2023-10-03,-0.005446,-0.009646
2023-10-04,-0.004833,0.003395
2023-10-05,-0.004465,-0.001099
2023-10-06,0.001519,-0.001794
2023-10-09,-0.001167,-0.009043
2023-10-10,-0.000847,0.005568
2023-10-11,-0.005677,-0.010353
2023-10-12,0.006994,0.000769
2023-10-13,-0.012179,-0.025102
2023-10-16,0.010309,0.009169
2023-10-17,0.004754,0.008048
2023-10-18,-0.007843,-0.011693
2023-10-19,0.004287,-0.004563
2023-10-23,0.001893,0.00197
2023-10-24,0.003204,0.000774
2023-10-25,-0.014328,-0.028134
2023-10-26,-0.002407,0.010138
2023-10-27,0.007711,0.00199
2023-10-30,0.00347,0.008457
2023-10-31,-0.002068,0.009271
2023-11-01,0.008126,0.016868
2023-11-02,-0.007469,0.002252
2023-11-03,0.01058,0.036893
2023-11-06,0.004208,-0.001854
2023-11-07,0.011119,0.021309
2023-11-08,0.003783,0.006589
2023-11-09,-0.003239,-0.024673
2023-11-10,-0.001473,0.00132
2023-11-13,-0.005918,0.000267
2023-11-14,0.009049,0.038349
2023-11-15,-0.005622,-0.00531
2023-11-16,0.016367,0.021712
2023-11-17,-0.00935,-0.008911
2023-11-20,0.001583,-0.000673
2023-11-21,0.005526,-0.005152
2023-11-22,0.000375,0.005754
2023-11-24,0.001426,0.001682
2023-11-27,0.00989,0.004581
2023-11-28,0.005829,-0.011446
2023-11-29,-0.000195,0.011726
2023-11-30,-0.00021,0.00169
2023-12-01,-0.003785,0.015546
2023-12-04,-0.011263,-0.004779
2023-12-05,0.006224,0.0023
2023-12-06,0.008491,0.027032
2023-12-07,-0.000419,0.006038
2023-12-08,-0.009071,-0.007824
2023-12-11,0.003786,0.010208
2023-12-12,0.007148,0.014848
2023-12-13,0.003838,0.010335
2023-12-14,-0.011866,0.0125
2023-12-15,-8.6e-05,0.000275
2023-12-18,0.003336,-0.001182
2023-12-19,-0.000415,0.009222
2023-12-20,0.001204,-0.01354
2023-12-21,-0.003453,0.004863
2023-12-22,0.000684,0.008609
2023-12-26,-0.000867,0.002415
2023-12-27,0.00354,0.006088
2023-12-29,-0.006511,0.001684
2024-01-02,-0.013239,0.000523
2024-01-03,-0.001729,0.001773
2024-01-04,-0.006459,-0.013106
2024-01-05,0.002633,0.009427
2024-01-08,-0.004144,-0.018498
2024-01-09,-0.009184,-0.017118
2024-01-10,-0.002002,0.004618
2024-01-11,0.000726,0.008652
2024-01-12,-0.012834,-0.020109
2024-01-16,0.006856,0.031867
2024-01-17,0.005352,0.009762
2024-01-18,0.014869,0.021439
2024-01-19,0.0098,0.01851
2024-01-22,0.01375,0.012395
2024-01-23,0.00128,-0.010563
2024-01-24,0.009502,0.010104
2024-01-25,0.000874,0.016719
2024-01-26,-0.00058,0.006065
2024-01-29,0.001425,-0.004406
2024-01-30,-0.002782,0.008676
2024-01-31,-0.013457,-0.017939
2024-02-01,-0.010117,-0.017341
2024-02-02,0.010425,0.007696
2024-02-05,0.00136,0.001226
2024-02-06,0.000936,0.000887
2024-02-07,0.003408,0.002498
2024-02-08,0.013012,0.01699
2024-02-09,0.006243,-0.005086
2024-02-12,0.004454,0.005434
2024-02-13,0.002075,0.025892
2024-02-14,0.007666,-0.000469
2024-02-15,0.00419,0.008369
2024-02-16,-0.003513,-0.004276
2024-02-20,-0.008954,0.004073
2024-02-21,-0.005204,-0.005372
2024-02-22,0.012375,0.017169
2024-02-23,-0.002437,0.005356
2024-02-26,0.005384,-0.006519
2024-02-27,-0.00115,-0.013069
2024-02-28,-0.007923,0.000849
2024-02-29,0.001987,0.003497
2024-03-01,-0.001341,-0.009627
2024-03-04,-0.015397,-0.01243
2024-03-05,0.001787,0.010668
2024-03-06,-0.003594,-0.005025
2024-03-07,0.005077,0.010185
2024-03-08,-0.006387,-0.006366
2024-03-11,-0.003528,0.007491
2024-03-12,0.006303,0.010411
2024-03-13,-0.000553,0.013522
2024-03-14,0.000894,-0.000352
2024-03-15,0.001237,0.005963
2024-03-18,0.001749,0.002294
2024-03-19,0.002605,0.005514
2024-03-20,0.006414,-0.002267
2024-03-21,0.007996,0.00939
2024-03-22,-0.001784,0.001139
2024-03-25,-0.00022,0.007717
2024-03-26,0.000202,-0.000508
2024-03-27,0.001932,0.000605
2024-03-28,-0.002785,0.000817
2024-04-01,0.000351,-0.00994
2024-04-02,-0.00336,0.005541
2024-04-03,-0.001678,-0.007371
2024-04-04,-0.002127,0.007108
2024-04-05,-0.000871,0.00399
2024-04-08,-0.003562,-0.008101
2024-04-09,-0.006354,-0.02159
2024-04-10,0.001307,0.004397
2024-04-11,0.001118,0.003879
2024-04-12,-0.003862,0.006676
2024-04-15,0.000357,0.014907
2024-04-16,0.002127,-0.002485
2024-04-17,-0.005516,-0.00325
2024-04-18,-0.004956,0.004955
2024-04-19,-0.004249,0.011216
2024-04-22,0.009491,0.004427
2024-04-23,0.000516,-0.008506
2024-04-24,0.004754,0.013466
2024-04-25,0.00053,0.005079
2024-04-29,-0.004941,0.001949
2024-04-30,-0.002456,-0.002569
2024-05-01,-0.00124,-0.006278
2024-05-02,0.000468,0.004529
2024-05-03,-0.001333,0.002137
2024-05-06,0.001327,0.002864
2024-05-07,-0.000751,-0.000376
2024-05-08,-0.002603,-0.007844
2024-05-09,-0.000199,-0.001228
2024-05-10,0.002052,-0.002097
2024-05-13,-0.003396,0.002908
2024-05-14,-0.001821,-0.008434
2024-05-15,0.018534,0.024577
2024-05-16,-0.005146,-0.002705
2024-05-17,-0.000216,-0.002345
2024-05-20,0.005995,0.009223
2024-05-21,0.000102,-0.000125
2024-05-22,-0.003167,0.008634
2024-05-23,-0.002428,-0.002789
2024-05-24,0.002072,-0.000996
2024-05-28,-0.001612,-0.001763
2024-05-29,0.004616,0.005817
2024-05-30,-0.003485,-0.010908
2024-05-31,-0.008012,-0.012094
2024-06-03,0.007022,0.007476
2024-06-04,0.012146,0.013963
2024-06-05,0.003328,0.007609
2024-06-06,0.002139,-0.000656
2024-06-07,-0.011835,-0.00434
2024-06-10,0.001477,0.004769
2024-06-11,-0.000899,0.002748
2024-06-12,0.006184,0.005638
2024-06-13,0.003973,0.004677
2024-06-14,0.010467,0.007746
2024-06-17,-0.002571,-0.001118
2024-06-18,-0.00699,-0.010794
2024-06-20,0.002922,-0.002064
2024-06-21,-0.000886,0.004484
2024-06-24,-0.013358,-0.021098
2024-06-25,0.00654,0.010791
2024-06-26,0.000778,-0.000314
2024-06-27,0.005683,0.009396
2024-06-28,-0.002358,-0.009403
2024-07-01,0.001692,-0.000632
2024-07-02,-0.001484,-0.007887
2024-07-03,0.001492,0.00184
2024-07-05,0.011955,0.008579
2024-07-08,-0.001556,-0.000533
2024-07-09,0.002753,-0.001623
2024-07-10,-0.001975,-0.005464
2024-07-11,-0.003033,-0.008336
2024-07-12,-0.00116,0.000111
2024-07-15,0.004503,0.002213
2024-07-16,0.001239,-0.005822
2024-07-17,-0.004032,-0.01332
2024-07-18,-0.000891,0.00452
2024-07-19,0.007531,0.007968
2024-07-22,0.002111,0.003576
2024-07-23,-0.001953,-0.004559
2024-07-24,-0.001315,-0.004919
2024-07-25,-0.014666,-0.016781
2024-07-26,0.004027,0.000614
2024-07-29,0.006453,0.007824
2024-07-30,-0.004651,-0.008723
2024-07-31,0.000431,6.7e-05
2024-08-01,0.011977,0.011746
2024-08-02,0.012828,0.01141
2024-08-05,-0.012713,-0.015292
2024-08-06,0.007234,0.009339
2024-08-07,-0.009817,-0.008274
2024-08-08,0.005131,0.008583
2024-08-09,0.005557,0.004797
2024-08-12,0.000209,-0.00312
2024-08-13,0.006945,0.009205
2024-08-14,-0.00306,-0.004969
2024-08-15,-0.006644,-0.010076
2024-08-16,0.008622,0.00167
2024-08-19,0.002938,0.003982
2024-08-20,0.010123,0.010416
2024-08-21,0.003557,0.004905
2024-08-22,-0.002929,-0.00745
2024-08-23,-0.003362,-0.004738
2024-08-26,-0.003154,-0.003923
2024-08-27,0.002243,0.000465
2024-08-28,-0.005799,-0.00955
2024-08-29,-0.00368,-0.002581
2024-08-30,-3.1e-05,-0.001947
2024-09-03,0.002272,0.001273
2024-09-04,0.005691,0.006474
2024-09-05,0.003947,0.00566
2024-09-06,-0.000627,-0.000799
2024-09-09,0.009731,0.008722
2024-09-10,0.012195,0.013768
2024-09-11,0.000174,0.006881
2024-09-12,0.00449,0.003793
2024-09-13,0.004612,-0.002789
2024-09-16,-0.006768,-0.007378
2024-09-18,0.00523,0.009006
2024-09-19,0.011031,0.007209
2024-09-20,-0.011457,-0.01106
2024-09-23,-0.003691,-0.007425
2024-09-24,-0.001521,-0.015973
2024-09-25,-0.004406,-0.007433
2024-09-26,0.003311,-0.011723
2024-09-27,0.002938,0.007829
2024-09-30,0.000738,0.010015
2024-10-01,-0.00655,-0.003761
2024-10-02,0.000236,0.001748
2024-10-03,0.006819,0.012657
2024-10-04,0.014564,0.020211
2024-10-07,0.006188,0.009499
2024-10-08,-0.001981,0.00115
2024-10-09,0.004324,0.009686
2024-10-10,0.000409,0.000449
2024-10-11,0.00711,0.011685
2024-10-14,0.002299,0.005166
2024-10-15,-0.01193,-0.013895
2024-10-16,0.003036,0.007079
2024-10-17,0.003307,0.003236
2024-10-18,-0.011871,-0.029019
2024-10-21,-0.000704,-0.006099
2024-10-22,-0.001462,-0.003761
2024-10-23,-0.002834,0.002564
2024-10-24,0.001869,-0.004053
2024-10-25,0.000482,-0.003942
2024-10-28,0.007322,0.007029
2024-10-29,-0.000425,-0.004975
2024-10-30,0.006662,0.015811
2024-10-31,-0.001619,0.007033
2024-11-01,0.004385,0.00709
2024-11-04,-0.00261,-0.008218
2024-11-05,0.005724,0.006853
2024-11-06,0.063668,0.094067
2024-11-07,-0.011956,-0.020931
2024-11-08,0.001637,0.012709
2024-11-11,0.014246,0.01378
2024-11-12,0.002237,0.009061
2024-11-13,-0.003506,0.001496
2024-11-14,0.003274,-0.000332
2024-11-15,-5.6e-05,-0.000958
2024-11-18,-0.004601,-0.009125
2024-11-19,-0.002698,-0.006578
2024-11-20,-0.002353,-0.004848
2024-11-21,0.000859,0.008492
2024-11-22,0.008243,0.013728
2024-11-25,0.002144,-0.004827
2024-11-26,-0.011244,-0.009278
2024-11-27,0.002289,0.006269
2024-11-29,-0.001954,-0.010097
2024-12-02,0.004573,0.003091
2024-12-03,0.00046,-0.002724
2024-12-04,0.000702,-0.004025
2024-12-05,-0.002476,-0.007598
2024-12-06,0.000222,0.000725
2024-12-09,-0.008891,-0.01984
2024-12-10,0.002834,0.008307
2024-12-11,0.006144,-0.002982
2024-12-12,0.001225,0.007824
2024-12-13,0.005767,0.016188
2024-12-16,0.005335,0.005555
2024-12-17,-0.009516,-0.013449
2024-12-18,-0.006188,0.000663
2024-12-19,-0.000928,-0.001543
2024-12-20,-0.003527,-0.005417
2024-12-23,0.000445,-0.001652
2024-12-24,0.003549,0.00123
2024-12-26,0.002711,0.007665
2024-12-27,-0.001584,0.002032
2024-12-30,-0.004085,-0.008376
2024-12-31,0.003054,0.01354
2025-01-02,-0.007246,-0.015718
2025-01-03,0.008803,0.017698
2025-01-06,0.003609,-0.010349
2025-01-07,-0.000722,0.004359
2025-01-10,-0.011448,-0.027165
2025-01-13,-0.015194,-0.009875
2025-01-14,0.002116,0.007891
2025-01-15,0.002154,0.003858
2025-01-16,0.001333,-9.8e-05
2025-01-17,0.007378,0.015783
2025-01-21,0.004473,0.005885
2025-01-22,0.006053,0.008702
2025-01-23,-0.000649,-0.000293
2025-01-24,0.003094,0.003134
2025-01-27,-0.010626,0.003203
2025-01-28,0.012601,0.018107
2025-01-29,-0.003915,-0.008371
2025-01-30,0.008601,0.011687
2025-01-31,0.001595,0.002791
2025-02-03,-0.004871,-0.013544
2025-02-04,0.000592,-0.00526
2025-02-05,0.003815,0.002538
2025-02-06,0.000681,0.005601
2025-02-07,-0.008127,-0.01234
2025-02-10,0.001126,-0.009156
2025-02-11,-0.00592,-0.004469
2025-02-12,0.009385,0.007405
2025-02-13,0.002514,0.00493
2025-02-14,0.003728,0.002575
2025-02-18,-0.009125,-0.015563
2025-02-19,-0.003377,-0.007493
2025-02-20,0.006304,0.00201
2025-02-21,-0.005218,-0.004124
2025-02-24,-0.006317,-0.00386
2025-02-25,-0.007528,-0.002045
2025-02-26,0.003917,0.002517
2025-02-27,-0.01508,-0.010816
2025-02-28,0.001329,0.006324
2025-03-03,0.00116,0.003515
2025-03-05,0.004016,0.016945
2025-03-06,0.00078,-0.009755
2025-03-07,-0.002643,-0.000722
2025-03-10,-0.0024,-0.029591
2025-03-11,-0.008256,-0.003628
2025-03-12,0.001193,0.012572
2025-03-13,0.00667,0.0007
2025-03-14,-0.002259,0.016974
2025-03-17,0.001038,0.005147
2025-03-18,0.001592,-0.004039
2025-03-19,-0.005826,0.004496
2025-03-20,-0.001209,-0.002104
2025-03-21,0.00084,-0.000254
2025-03-24,-0.001673,0.01959
2025-03-25,0.001355,0.001599
2025-03-26,-0.003665,-0.018338
2025-03-27,-0.00293,-0.022609
2025-03-28,-0.001664,-0.02245
2025-03-31,-0.003272,-0.017638
2025-04-01,-0.007559,0.005321
2025-04-02,-0.001385,0.001673
2025-04-03,-0.004783,-0.06065
2025-04-04,-0.009082,-0.009072
2025-04-07,0.011604,0.01879
2025-04-08,0.005745,-0.013133
2025-04-09,0.00772,0.075782
2025-04-10,-0.008005,-0.05009
2025-04-11,-0.003247,0.008144
2025-04-15,0.001203,0.00075
2025-04-16,-0.003532,-0.013129
2025-04-17,-0.010211,-0.006819
2025-04-21,0.008628,4.3e-05
2025-04-22,-0.002383,0.009899
2025-04-23,0.008619,0.012195
2025-04-24,0.020242,0.034935
2025-04-25,0.007404,0.006397
2025-04-28,-0.005856,-0.00258
2025-04-29,-0.005759,-0.010295
2025-04-30,-0.004316,-0.013884
2025-05-01,0.002879,0.003657
2025-05-02,-0.004834,0.01307
2025-05-05,0.003643,-0.008699
2025-05-06,0.014121,0.0055
2025-05-07,-0.00742,-0.000681
2025-05-08,0.005643,0.018922
2025-05-09,0.004695,0.010511
2025-05-12,0.003179,0.038806
2025-05-13,0.016074,0.022999
2025-05-14,0.006175,0.002471
2025-05-15,-0.006119,-0.01671
2025-05-16,-0.005391,-0.012591
2025-05-19,0.003348,-0.009893
2025-05-20,0.005611,0.001374
2025-05-21,0.01483,0.003474
2025-05-22,-0.002172,-0.012067
2025-05-23,0.000562,-0.004332
2025-05-27,-0.001077,0.004794
2025-05-28,0.004577,-0.00243
2025-05-29,-0.00368,0.00168
2025-05-30,-0.003949,-0.01409
2025-06-02,0.010021,0.004622
2025-06-03,0.007735,0.017859
2025-06-04,0.011243,0.013004
2025-06-05,0.004678,0.006886
2025-06-06,-0.006285,-0.002374
2025-06-09,0.010207,0.011291
2025-06-10,-0.001386,0.012215
2025-06-11,0.002969,-0.000517
2025-06-12,0.000124,-0.007519
2025-06-13,0.000507,-0.003632
2025-06-16,0.007185,0.011694
2025-06-17,-0.005968,-0.024145
2025-06-18,-0.000832,0.004372
2025-06-20,-0.011485,-0.017582
2025-06-23,0.003238,-0.000171
2025-06-24,0.008972,0.023467
2025-06-25,0.011386,0.012044
2025-06-26,0.008981,0.017574
2025-06-27,-0.013192,-0.011299
2025-06-30,0.010122,-0.004706
2025-07-01,-0.010919,0.004407
2025-07-02,0.01309,0.026844
2025-07-03,0.00595,0.009803
2025-07-07,-0.002871,-0.020543
2025-07-08,-0.004389,0.013232
2025-07-09,0.007402,-0.003022
2025-07-10,-0.005311,0.006869
2025-07-11,0.003239,-0.006102
2025-07-14,-0.003532,-0.007782
2025-07-15,0.011929,0.007421
2025-07-16,-0.002474,-0.007706
2025-07-17,0.002304,-0.002033
2025-07-18,0.001394,8.6e-05
2025-07-21,0.015306,0.009182
2025-07-22,-0.000148,0.007736
2025-07-23,-0.002368,0.00055
2025-07-24,0.002944,-0.002226
2025-07-25,-0.003167,-0.00628
2025-07-28,-6.1e-05,0.005827
2025-07-29,-0.003812,-0.008197
2025-07-30,-0.002719,-0.016609
2025-07-31,-8.4e-05,-0.009754
2025-08-01,-0.004441,-0.008968
2025-08-04,0.011761,0.004647
2025-08-05,0.000242,0.005305
2025-08-06,0.004072,-0.004939
2025-08-07,0.010881,0.008303
2025-08-08,0.004601,0.016524
2025-08-11,-0.001708,-0.002309
2025-08-12,0.003213,0.013698
2025-08-13,-0.004058,0.010362
2025-08-14,-0.003618,-0.002331
2025-08-15,0.003985,0.015884
2025-08-18,0.004331,0.008077
2025-08-19,-0.017357,-0.012758
2025-08-20,-0.002251,-0.009684
2025-08-21,-0.001883,-0.005291
2025-08-22,0.01025,0.029611
2025-08-25,0.002995,0.005448
2025-08-26,0.001923,0.003361
2025-08-27,-0.002862,-0.006767
2025-08-28,0.006602,0.008642
2025-08-29,-0.00399,-0.003619
2025-09-02,0.000709,-0.005611
2025-09-03,0.006469,0.007072
2025-09-04,-0.003521,0.001206
2025-09-05,0.017423,0.019922
2025-09-08,0.008271,0.009356
2025-09-09,0.000529,-0.008539
2025-09-10,0.006928,0.000321
2025-09-11,0.001835,0.007063
2025-09-12,0.005454,0.002985
2025-09-15,0.016171,0.015175
2025-09-16,-0.000501,0.004206
2025-09-18,0.003578,-0.007022
2025-09-19,-0.005675,-0.020758
2025-09-22,-0.007213,-0.020194
2025-09-23,-0.000149,0.00862
2025-09-24,-0.004591,0.002491
2025-09-25,-0.008929,-0.013564
2025-09-26,0.002154,0.00406
2025-09-29,-0.005889,-0.010839
2025-09-30,0.005105,0.001378
2025-10-01,-0.007046,-0.008616
2025-10-02,0.000153,-0.007612
2025-10-03,-0.0001,0.004208
2025-10-06,-0.005924,-0.016256
2025-10-07,7.9e-05,0.001283
2025-10-08,-0.00442,-0.018511
2025-10-09,0.001493,2.1e-05
2025-10-10,0.005321,0.011544
2025-10-13,-0.019509,-0.043437
2025-10-14,0.007576,0.016146
2025-10-15,-0.011805,-0.01866
2025-10-16,0.001792,-0.002449
2025-10-17,0.019954,0.032147
2025-10-20,-0.008199,-0.011779
2025-10-21,0.024729,0.039651
2025-10-22,0.002959,0.015363
2025-10-23,-0.008212,-0.014541
2025-10-24,-0.002741,-0.012234
2025-10-27,0.007013,0.005899
2025-10-28,-0.003459,-0.019255
2025-10-29,-0.007867,-0.018249
2025-10-30,0.00241,0.010278
2025-10-31,-0.002503,1e-06
2025-11-03,0.006906,0.010927
2025-11-04,0.016496,0.035723
2025-11-05,-0.007334,-0.010915
2025-11-06,0.002379,0.01222
2025-11-07,-0.003158,-3e-06
2025-11-10,-0.012561,-0.023181
2025-11-11,0.004374,0.017925
2025-11-12,0.004518,0.001113
2025-11-13,0.008295,0.023465
2025-11-14,0.001526,0.001068
2025-11-17,0.003081,0.005015
2025-11-18,-0.00555,0.005371
2025-11-19,-0.000379,-0.009059
2025-11-20,0.014549,0.031777
2025-11-21,0.00697,0.015694
2025-11-24,-0.012169,-0.029269
2025-11-25,0.009801,0.010725
2025-11-26,-0.013444,-0.018177
2025-11-28,-0.014568,-0.020477
2025-12-01,0.000941,0.001764
2025-12-02,-0.000109,-0.005708
2025-12-03,-0.0041,-0.003139
2025-12-04,-0.006595,-0.015788
2025-12-05,-0.000327,0.002148
2025-12-08,0.005329,-0.001956
2025-12-09,-0.009236,-0.01582
2025-12-10,0.002431,0.006652
2025-12-11,0.000376,-0.008131
2025-12-12,0.014274,0.027499
2025-12-15,0.010929,0.020045
2025-12-16,0.002201,-0.005437
2025-12-17,-0.008715,0.00784
2025-12-18,0.00599,-0.007922
2025-12-19,-0.011855,-0.023843
2025-12-22,-0.006486,-0.012607
2026-02-18,0.004102,0.017359
2026-02-19,-0.000639,0.01062
2026-02-20,-0.005623,-0.00444
2026-02-23,-0.027152,-0.022635
2026-02-24,0.006371,0.003912
2026-02-25,0.013181,0.029714
2026-02-26,0.002327,0.004038
2026-02-27,-0.018957,-0.010886
2026-03-02,0.009246,0.02465
2026-03-03,0.012636,0.008081
2026-03-04,0.009326,0.023369
2026-03-05,0.006284,0.012819
2026-03-06,-0.011482,0.006143
2026-03-09,0.0013,-0.000172
2026-03-10,-0.003003,0.005523
2026-03-11,0.008013,0.012505
2026-03-12,-0.00112,0.01304
2026-03-13,0.007055,-0.008297
2026-03-16,0.003036,-0.001625
2026-03-17,0.008741,0.006622
2026-03-18,0.00775,0.000563
2026-03-19,0.012824,-0.007646
2026-03-20,0.012327,0.015995
2026-03-23,0.004574,-0.007557
2026-03-24,0.003009,-0.000645
2026-03-25,-0.007115,-0.003651
2026-03-26,0.002478,-0.007696
2026-03-27,-0.014151,-0.001742
2026-03-31,0.030901,0.035835
2026-04-01,0.010564,0.011668
2026-04-02,-0.003416,-0.009091
2026-04-06,-0.003207,-0.00175
2026-04-07,0.002168,0.001668
2026-04-08,0.013318,0.016042
2026-04-09,-0.00584,-0.004643
2026-04-10,0.010094,0.016407
2026-04-13,0.014829,0.012186
2026-04-14,0.013509,0.02269
2026-04-16,-0.012891,-0.013804
2026-04-17,0.013957,0.000164
2026-04-20,-0.008938,-0.007228
2026-04-21,-0.017818,-0.012434
2026-04-22,-0.002228,-0.01713
2026-04-23,-0.000742,0.013572
2026-04-24,0.00206,-0.009742
2026-04-27,-0.003,-0.002731
2026-04-28,-0.010266,0.002149
2026-04-29,-0.012262,-0.009924
2026-04-30,0.005546,0.004921
2026-05-01,-0.004083,-0.017442
2026-05-04,-0.013489,-0.018968
2026-05-05,0.005893,-0.005186
2026-05-06,0.030757,0.001091
2026-05-07,0.005444,0.008639
2026-05-08,0.009156,-0.007661
2026-05-11,0.001393,-0.009817
2026-05-12,0.007245,0.024597
2026-05-13,0.003348,0.002127
2026-05-14,-0.013246,-0.016619
2026-05-15,-0.017698,0.003107
2026-05-18,-0.003738,0.016567
2026-05-19,-0.011421,0.003832
2026-05-20,0.016133,-0.007502
2026-05-21,0.001448,-0.011806
2026-05-22,0.002943,0.003364
2026-05-26,0.013727,-0.013662
2026-05-27,-0.003931,-0.008048
2026-05-28,0.001021,-0.001091
2026-05-29,-0.00072,-0.015561
2026-06-01,-0.014429,-0.024045
2026-06-02,0.003403,0.006913
2026-06-03,-0.000753,0.02032
2026-06-04,0.008397,0.023718
2026-06-05,-0.002096,0.039224
2026-06-08,-0.004786,-0.022361
2026-06-09,0.003944,0.018133
2026-06-10,-0.019327,0.003588
2026-06-11,0.022911,-0.012075
2026-06-12,0.00613,0.001773
2026-06-15,0.017129,-0.022734
2026-06-16,0.005254,0.013133
2026-06-17,0.003817,-0.009626
2026-06-18,-0.001848,-0.018736
2026-06-22,0.005237,-0.000263
2026-06-23,-0.008411,0.022833
2026-06-24,-0.000604,0.00738
2026-06-25,0.011445,0.018226
2026-06-26,-0.000863,0.01366
2026-06-29,7.3e-05,-0.014899
2026-06-30,0.008146,-0.006651
2026-07-01,-0.001368,-0.002009
2026-07-02,0.011064,0.033671
2026-07-06,0.001153,-0.018927
2026-07-07,-0.016073,0.012623
2026-07-08,-0.010968,-0.011589
2026-07-09,0.010106,-0.011776
2026-07-10,-0.004124,-0.005003
2026-07-13,-0.014268,0.009575
